"Sequence","Score"
"9/4/4/7/319/X543/4-","128"
"9-343/2/XXX8-X9/8","170"
"XX-/5/X8-18XXX-3","173"
"1/X2/XX2/XXX6/1","209"
"8-542/245/-7X3-XX91","117"
"5126X3/3-9-6/XX9-","136"
"X26X16321/3/17XX34","127"
"1/61137--75/-49-7/53","87"
"6/428/X-/7/81X3/XX","164"
"9/9/X369-X53X-/X4-","156"
"XXX24XX515-1/XX","166"
"3/-/81-/XX34X1/X73","164"
"4-14X7/42XX63X3/9","142"
"53X2/3/XXX7/233/4","169"
"X3/6/548-2/XXX1/5","174"
"X2/349--1X1/8/23X91","125"
"5/2/3/81X9/9/9/X52","154"
"3/273-118112XX5/4/-","107"
"23124/13XX9/7/XX26","149"
"XXX2/9-XX61X32","170"
"4/3-1/X4/6/X612/1/X","147"
"23X3/243/X9-2/7/XX","148"
"25353/7/8/4/54413/X5-","128"
"X6/X9/6/4-XXXX9-","202"
"9/XXX45728--8-/3/9","159"
"6/2/26637161X535271","97"
"7/344/549/X9-X-/6/5","143"
"519/XX7/816/XX81","176"
"X-/XX7/61X53X8-","162"
"X3/26-/8/537/-66/2/2","121"
"X8/312/-/X4/2/6/2/3","140"
"X62XXX5/8/7/3/XX","189"
"3521-/6/63X44X9-51","112"
"9/X5/272/444/-/4-23","116"
"XX2/XX8/8/629/62","176"
"188/X7/53X3-X6/3/9","140"
"X72-12/X6/9-9/726/2","135"
"XX63X7-XXXX2/5","195"
"4/XX54XX1/5-9/4/-","158"
"XX8/-8258/1/XX-/8","162"
"7/X6/XX1/81XX12","165"
"7/62XXX9/8/X4-5/8","177"
"XXX6/8/X2/X4/8-","200"
"-63/-5XX7/X8/7/9/5","159"
"XX5/9-7/XXXX23","195"
"45XXXXXXX-0XX","209"
"9-1/X11X7/XXX5-","158"
"6/25-3X5/XX7/8/53","150"
"5/3381631/4/34X4-1/7","106"
"XX546-7/XXX8-2/2","175"
"5/X1/X1/X3/X812/X","188"
"X7/X4/8-9-9-X629/8","148"
"8115X-7X81X3-X9-","111"
"X6/448/X8/3/XX42","161"
"X8-618-4/XX31612/8","127"
"-2526-8/XXX8/2/-5","140"
"5/9/X529/X22-/X3/3","154"
"9/X8-X2/-/16X-/X41","149"
"2/44X1/X3181X9/-0","119"
"33X8/X14X-79/61X9-","132"
"XXX9-X-/6/412134","152"
"4/6/X6/X36XXX-3","170"
"2/7/611/4--/X9-24X91","132"
"3/7/32X4133X9-524/2","108"
"32211/XX7171X6/7/3","139"
"3/31X7/8/246/-/8/6/1","128"
"X-/XXX4--1XXX81","190"
"X8/7/815/3/9-3/2/X81","156"
"619/9-X1/-89-X352/9","127"
"6/X6-2/-/1/9-36-/XX","140"
"X5/637/12-18/XX9-","137"
"3-4-1/X1/5-5/423652","103"
"8-2653X7/-642X1/7/4","117"
"X6/X7/3/3/X22X3/9","163"
"535/XXX6/XX-/3/X","197"
"6/X9/9/26X817/X63","155"
"X4/4/21X7/-09/532/3","115"
"1/X7/7/4/XXX429-","176"
"X9-16XX2/XXX-/9","186"
"445/X613/X115/1424","108"
"4/X1/X178/XXXX82","214"
"9-9/63X721/XX4262","136"
"X1/7/6/-563X6/X81","145"
"71-/7/XX-23/6/X-/X","155"
"-/9/XX3/61X7/X21","161"
"367-357-XX27818122","103"
"426/X31-252-4-/-/X1-","98"
"44446/2/4/XX4/7-42","136"
"X726-2/171/11236111","80"
"7/XXX3/1/X22X5/7","179"
"53XX629/XXX6-22","162"
"X358/X521/X434/23","131"
"-/12X-/179-X6/1/2/X","125"
"X9/9-7/4/6-366/61X24","132"
"7-432/5/1/7-X6-4/X8-","124"
"9/X3/X81812/7-4-X61","142"
"X7/XXX539/X13X42","175"
"X9/XXX3/8/2/454/9","185"
"X44X6-8136X2/5/2-","115"
"7-54X147/1/-7631/X55","113"
"-98/2/X71XX81639/3","145"
"1/X628/8/8/3/X8/X61","172"
"5/7/-/8/516-7/6/X-6","130"
"X7/718/X8/-/-/X5/X","165"
"X7-2/XX5471-/6/X64","161"
"X7-61X6/4/1/5/XX24","149"
"-/9/-/418/X9-X6-23","123"
"X9/6/712/3/8/2472XX","139"
"9-8/4/5/439/5/8-712/9","127"
"6/X1/2/2/-441X8/63","128"
"1/X41XXXXX345-","182"
"X6281XX9/2/63819-","139"
"819-7/8/XX1/4/X7/2","163"
"XXX9/XXX3/6/4/7","219"
"XXX8/9/XX71247/5","191"
"X1/-/XX5/5/X7/9-","178"
"9-2/35X-/6/X-/9/8/1","154"
"7/XXX71321-5/7/45","149"
"7-7/2/542/815/XX-/8","148"
"4/XX7-314/X2/6/-9","150"
"XXX446/2372XX7/7","170"
"4/5/227/54XX9-XX71","157"
"9/112/X12118/3/4/X31","112"
"7/6/8161X7/7/71X6/8","150"
"X813/X5/X2/-/-/X15","164"
"717/26X2/XXXX8/3","189"
"2--/9-12449/-/4/X-/5","120"
"2/9-X81315/9/XXX41","168"
"8/61X7/157/XXX8-","164"
"X434/XXX72XX3/3","185"
"2/819-X8/X3/9/XX73","182"
"6/X9--04/7-X13X5/7","127"
"626-2/9/X1/XX3/-4","150"
"3/5/2/X-/255/X3215","132"
"1/4-XX-88/XX24X52","145"
"4/X-1X5/7/XX4/-/3","156"
"X4/2/514/9-53-/7-4/X","133"
"5/X2672X6-XXX1/9","167"
"XXX6/71X277-X2/8","174"
"155/8/-/716/X715/25","124"
"X6/368/7/1/XXX-/1","171"
"127/63XX52536-11X5-","108"
"X1/26618/62X9-X7/7","136"
"3/X25X34811-X-19/7","107"
"-/X239/2/6/X42X8/X","150"
"XX1/15X11XX71X91","145"
"4/XXX2/X1/2/X2/6","200"
"XX6143X9-X2/114/8","136"
"21351/1/6/5/4/7/71X42","125"
"3/-43/3/5/X3/-6XX81","145"
"X-/18X539--0-/6381","109"
"4/8/1312X6/4/7/326/2","117"
"X5211X15X9--/5/X71","129"
"33XX4/X3/3/XX2/9","184"
"4/X-/X9/X4/X5/21","175"
"81X72X2/811/33XX91","152"
"6/XX258-6/33X8/6/2","141"
"XX9/-231X1/XX-/-","155"
"15363/6/72X8-6/XXX","153"
"5/X-67/3618X329/9-","121"
"817--/X3/21X-55/9/2","122"
"X71X5/7-9/X4/X2/8","168"
"X4/X5/6-X45724/X15","155"
"X7/9/X81X4/1/X4-","156"
"X149-62XX238/9-2/7","124"
"3/9-44819-XX9-6/XX","151"
"616/XX5/2/9-519/X64","158"
"XX1/7/X2/8/X9-62","172"
"3/-/816-XX-56-4/-2","101"
"4/X4/1/XXX6/5/-3","175"
"X3/6132XX71-28/-3","116"
"X7/X9/-/1/6-9/5/X63","157"
"3/3242X2-5/7-X7135","96"
"X9-X1/63621/3/7-5/1","129"
"9/5/175-XX9/X2/9-","156"
"11XX-/6-XX8-543/1","138"
"6/X-/X362/71X9/X54","172"
"5/1/8/4/4/2-XX6/5/3","145"
"XX24XX-/5/X-/81","166"
"7/53227/-/3/4/9-319/X","116"
"X5/421/2/158/X4/52","131"
"5/3681-/X-/9/X2714","143"
"3/8-XX9-2/XXX4-","175"
"XXX8171347/27X9-","150"
"X9/531/4-8/X2/X9-","149"
"9/8-X62627/714/7/X24","138"
"X9-5/7--91/6145X71","119"
"-/342/9/7/X8-XXX-6","168"
"-5-/7/-/249--/X2/-/9","128"
"-/X-39/8/XX5/XX-1","170"
"5/2/436/XXX229-5-","137"
"419/X6/9/72X3/1381","134"
"X-536413/71X8/X72","127"
"9/XX9/4/-/X7/X6/7","190"
"7-X4/32XX1/1-13X72","121"
"6/4/-4329-7/X819-4-","103"
"X7171X-/62X176-X-4","124"
"6/XXX5/7243X5154","159"
"4/5/X61717/9-8-9--4","116"
"45X8-X815/3/8/9-6/X","142"
"6/X34XX363/4/4181","137"
"8/23176/3/X4-X4381","109"
"9/6-5-XX52X3--2X61","111"
"816-231/1/715-8/238-","86"
"XXX9-X4/13X63-0","150"
"5/15X3-7/3/6/5/719-","111"
"6/-5814/9/1623XXX-X","136"
"2/9/XX5/X5-XX2/4","180"
"X5/7/6/717/5/819/6/7","153"
"X4/X9-X17262/X32","142"
"4/5/X8-35614/27X9-","125"
"X5114X151/1-XXX7-","135"
"144/3/235/X9-X6/4/2","129"
"X9-1/9/X8/8--/X-4","151"
"5/2/727-418-XX4/6-","124"
"21X4/3/X3/-8X5/72","140"
"9/6/63XXX6/X725/-","175"
"-0X3-1/26159/5/446/6","95"
"4/412/53X-9-/XX14","131"
"-215X516/X-/X16X72","133"
"1/729-1/6/2/6/-/X71","135"
"-4X4/X44626/XX7/2","157"
"4/X4/63XXXX2/2/9","198"
"X16X8/-/3/9-XX2/2","149"
"-01/8-X8/XX-/9-8/-","144"
"5/1/-/53X-7XXX-/7","155"
"X169/XXX8/34XX63","187"
"9-XX1/5/X4/XX21","163"
"XXX3/22X1/312/X91","166"
"6/246/81-/184/162/X51","119"
"8/6/9/9-X-8X9-X52","141"
"XX3/8-X-/6/XXX52","197"
"3/71X2/32167/2/XX44","144"
"7/7-XX2/12X43X1/8","142"
"X8/X42X521/5332X54","133"
"361572XXXX5/7/XX","186"
"XXX3/XX-6X8/5/8","188"
"X14525/419/X234/X36","125"
"9-1/X-13462X4/6/14","108"
"X4/-3XX7142X-89-","127"
"3181X8/8/-59-X-951","109"
"415/X1/9-42X119/5/2","120"
"9/9--3X1/X-67/3/11","119"
"363/XX3/4/X543-9-","146"
"X4/9-8-XX6/X1/X14","177"
"XX6/1/XXX41X-8","177"
"8/X2/5-5/425281X3/6","132"
"X8/XX634/436/-632","136"
"XX9-XX2/XX3-63","167"
"-/X9-XXX4/XX-8","188"
"32326/3/X9-8/XXX61","164"
"X5-6/9-8/8-81XX-2","117"
"368136XXX8/XXX62","199"
"81816--/-/XX62X6/8","144"
"2/-81/185-4/X6/5/2/1","121"
"XX1/45X9-2/2/X-/2","156"
"5/72-3X36428-X2/35","112"
"5/9/XXXXXXX8-","243"
"9/6/714/71X6/5/2-X19","135"
"X1/XXX3/-/4/X71","183"
"1/X9/X7/1633X-/31","141"
"8/6/81121/X2-8--/6-","110"
"9/444/143--56/X51X-1","99"
"XX-/518/X4/1/9/33","150"
"159/5/X9-X7/42X14","129"
"6/X3/X1/6-7-X9-8/1","148"
"8/XX7/-/3/XX-/1/7","178"
"-/5-5/4/1-X9/X2581","119"
"4/9/-9XX-/XXXX16","196"
"6/XXX7-X253-3351","140"
"XXX2/31XXX6313","177"
"X3/X21-/X458-X61","136"
"3/13X9--4X71XX41","117"
"1/XXX9/819-7-722/X","171"
"4/2/1-113--98-3/9/6/5","96"
"72175/XXXX347/4/X","178"
"8/7/2/6/42XX2/7-X-2","143"
"1/X2326-82/X43624/6","124"
"9-X534/61X81XX6/3","145"
"3181XX-4X14632471","94"
"X7-155/X718-21447/8","113"
"9/X2/144/4/X72X7/5","153"
"X-9-18/8/X1/XX51","154"
"6/X72-03/-/72XXXX","164"
"X4/X1/X-/2/2/229/9","159"
"5/X2/346/8-1/71-/8-","137"
"-/718/-69-X4/XX2/1","143"
"9/XXX9/-822729-5/9","158"
"XX-/3/523/32XX53","144"
"XX8/X8/3481175/5/-","150"
"5-X1/4/X6/9/2/XX61","173"
"XX546/36367-43-818","115"
"XX-0-/33X9/7/X8/1","137"
"XX7/XX52X-/4/X53","188"
"XX2/-/9/249-9--/3-","123"
"175-418/219/XX4/2/5","124"
"XX-0XX2/4/9-X15","136"
"44533/63-071X71X35","101"
"23X32728/9/X355/-5","114"
"31X8/-86/X4/166/6/9","135"
"3/X1/3/X4/X-14/3/2","150"
"X7/71-/X419/XX8/X","173"
"X51624/3/X-2X8-XX","123"
"2/X31512--61/4/1/X82","117"
"4/7-X425/3/9-35-/25","114"
"XX629/44XX1/XX81","182"
"2/-2-/22X7/8/X3/X9-","145"
"3/X-/8/XX3/-634X2-","156"
"4/3/X6/2172XXXX8-","183"
"-2XX9/1/8-8/X6345","145"
"XXX5/X3/168/X6/7","190"
"X4-XXXXXX1-36","180"
"626/X-/-7-44-XXX36","145"
"2635XXX16X63X9-","147"
"4/X331-251/-/1/X35","117"
"72X7/81-0X9/X-/3/X","149"
"137-1/4/2/25-/3-X3/5","107"
"6-X-7-7-/4/9/X72-8","126"
"XX-/721/53724/X31","136"
"62-/2/X9/7/X9-X53","151"
"-35/3-31X3/4421X23","88"
"815/51139/-/9/-/X6/8","131"
"9/X9-729-9/X41X9/1","137"
"727/7/53229/9/X21X-3","121"
"6/XXX21X7-X5/4/7","163"
"X4-23-03/X459/X6-","113"
"1/6/2/XX1/4/1/XX61","177"
"X9-81714-72X135/4/X","110"
"7/X13612/XX6/X1/9","170"
"X4/X338/32XX1/2/4","147"
"-17-XX35167-XX9-","128"
"3/X-/3/3/711/9-X7-","143"
"42X418/X18X16818/-","117"
"31X5/17X18614/XX91","147"
"34X-/4/X8163XX8/X","166"
"7/1/XXX8-7-61527/9","155"
"8/X813-XX-09-X51","112"
"72-0X12X12X7/-/2/7","100"
"5/X1-422/-7-/8-X9-","109"
"-3X2-X718/7/X3/62","124"
"X3/-0-/XX-/XXX-X","180"
"X51X62XX1/63X54","142"
"2/X448/3/8/X9-3281","139"
"7/-5X316-XX6/X6/5","140"
"4354-6X9-4/7--3XX61","120"
"-/-9812-X5/4-8/X9-","116"
"X639-727-XXX1/XX","164"
"81X81XXX3/XX24","174"
"31154/52516/XXX7/3","148"
"72155/X442-9--/144-","92"
"3/2/XXX7/3/3-1/6/8","172"
"XXX2/41X5-XX9/3","173"
"4/X7/XX9-4/5/XX28","194"
"XX2/1/12X8/X3/9/5","161"
"1/XXX7/X5/XX-6","199"
"9-6/X1/XX8/XXX91","216"
"9/-/-/527/9/4/XX51","142"
"7118X-3X543-XXX71","139"
"XXX34X625/X62X52","166"
"149-8-X62X-922XX81","127"
"5/5/XXXXX8/XX62","237"
"1/-81/81X448/XX7/1","149"
"-7X722-XXX8/X41","155"
"X9-449-7/7/X81X6/3","143"
"81X4/XX9-3-5142X11","133"
"8/6/X7/7/XX5--/X55","178"
"1/72-/8-722/XX5/-9","145"
"616115-/9/9-1/6/X3/6","139"
"X5/527/425/8/2/13X3-","120"
"6/328-63X2/9-X1162","105"
"X3-3/1/XX2/5/XX63","169"
"5453X6/9-XX4/X6/1","160"
"XX41XX15XXX8/2","177"
"7-9-XXX815/4/X1/2","168"
"1-1/5/-77/8/XX43X61","136"
"X63-0X243-X4136X7-","99"
"522/5/X61X51X9/36","130"
"X5/2/X158/2/254/7/4","136"
"63X4/X5/2/XX7/X91","188"
"35453/43XX8-54-/-/6","127"
"X9-1/X527271X523/7","130"
"621-7/42X5-XX5/X-4","128"
"X3/18X7/6/6/9-9--3","132"
"2/41-/81X6--/51139/1","104"
"X2/X-69-3/X72X1/7","156"
"X123/71X9/9/81X6/6","143"
"X619/X1/1/X9/X9-","163"
"XXX81X7/5/9/5/X3-","188"
"6-XXX8/816/8/5-2/3","162"
"9/X43XX4/3/XX62","173"
"-3X7/4/XX4-X1/45","142"
"6/X51132/1/3532715/-","101"
"3/8-XX-79/XX7241","150"
"XXXX119-81122/6/5","147"
"9--232XX4544-6X72","110"
"X8/71XXX9/3-X2/4","174"
"8/7-1/XX2/4-53XX73","159"
"2/14X12X7/814/7/63","121"
"62X4/X31X3/XXX3-","172"
"X8/X7/4/X1/9-X52","166"
"XXX9-X7-81XXX35","191"
"1/X9/148/X2/X32X18","155"
"71X8/XX8-X9-8/4-","148"
"X1/4/23XX633117X45","136"
"-88-X9/24817-3/-9X15","105"
"54X154/9-X4/81-835","122"
"X-931X111/3-X13X9-","99"
"XX-/X6/9--98/54X72","160"
"XXX1/9/6-X81-35/4","157"
"52X2/815/4/2424446/4","114"
"8/6/31-/X2/X234-9-","126"
"8/X2-X15X2/3/X23","129"
"5/5/X9/2-XX149-3/-","129"
"4/6/2-X165/1/-6XX9-","129"
"XXX7/44X3/338/X36","177"
"X8/4/6/166/-37/XX72","147"
"7/XX6/1/X71X3632","156"
"X417-X6/XX7-X3/8","156"
"X31X619/XX44XX8-","158"
"X25XX5/XX9/X8-","184"
"4/4/7/1/41X2/XX2-","137"
"8/1/X7/5/6/X-/-29-","143"
"7-3/32-55/X8/6/5/X15","137"
"62XX622/9-9--/2/7/6","142"
"X626/5/X-/527-1/2/-","132"
"27XX436/164-1/2712","103"
"532/6/3/1/X81X4/X35","154"
"X54XX2/1/7/3/9-5/8","157"
"X43XX6/9/5/4/9-X73","166"
"3281443/X1/17XX25","127"
"X8/X3/XXX4/XX9-","222"
"X61XXX9/X-/4181","171"
"52XXX5/3/8-8/813/5","163"
"9-8-36155--5XX6/X44","126"
"448134-/X9/61X722/8","133"
"7/1852X6/9/2/5/X8/6","149"
"-1X3/51XX43X6/8/3","141"
"X7-2/XX-136XX9/1","145"
"X1-9/9/XX2/9-5/X61","158"
"16-/7-249--6318/5241","83"
"8-4/8/X5212XXX3/7","163"
"XXX7/X7/8/34-1X72","175"
"-/XX25X6/X724/X7-","171"
"251/42X6/XX8--65-","132"
"XX9-X3136X81X6-","134"
"7/7-9/63XX71343/13","124"
"X34XX6/XX-2X-/X","164"
"8/8-X7-X5/13637/XX","134"
"4127X611/5/25719/63","105"
"7/X611327X-/9-X15","127"
"X9--/XXXX21X3/3","179"
"X81XX264451X7/5/6","141"
"X158/9/2/81811/6113","116"
"6/5-9/1215XX9-X6-","119"
"3/X266-X1/72314/24","120"
"8/X815/1/729/X5-2/1","136"
"3/XX3162723/81448/5","128"
"X41X2/-/XXX3/X54","182"
"1/41XXX9/9-625/53","157"
"3/5/334361361/-48--/5","94"
"X528123XX521/5/3/6","131"
"451/XXX9/8-3/4/45","171"
"7/9-4/X72251/4/3/X7-","147"
"2/72227/112/6/XX1/5","135"
"-3XX9-7-1/8-548-XX","130"
"X-/5/118/2/4/81X9/9","140"
"-0X7-7-9/X4214XX13","113"
"2/8-8/53XXXX2251","155"
"429/X-/9/714231719-","117"
"5/8/16312161XX8-2/2","116"
"-2X252/X3/358/7/4/4","132"
"5/157/X8/4/X1/814/9","157"
"6/XX1/61X3/X36X21","165"
"1/5/44X-2X1/9/X62","136"
"25X71X-/1/-1X6--1","98"
"71X1/6/X5/637/XX8-","175"
"71XX24X812/1518-6","112"
"72-36/2141412/2/X9/1","100"
"4/X5/X26X1/X9/8/7","181"
"X8/258-54X7/1/XX-4","141"
"-8X9-2/9-2/X8/1/X9-","154"
"8-3/XX519-X8/X5/1","155"
"9-1/5/62X-/9-9-6/X81","144"
"336/63XX819/XX17","154"
"X4/X8/7/1/X9-6/32","154"
"9/6/-79/X6/XXX14","164"
"9-2/X-/813/21XX41","135"
"8/8/538/XXX81XX52","189"
"X-35/4/3/7/X8/XX41","159"
"81627-XX53X5/8/2/X","145"
"X8-9/1/7/1/6/9-X21","125"
"X7/-8XXXX1342X11","155"
"4/X215/45157/9-9-3/1","113"
"22XX6/722/9/XX2/1","168"
"5/4/-1XX45XXX3/X","170"
"X52X-83/2/129-XX9-","133"
"5--/9/X9-2/61155/-/2","123"
"X9-X43X4/3--126X63","116"
"8/X5-7/35X174/6/5/7","135"
"42X16XX-/X9/7241","141"
"-45/72XXXXX8-X52","191"
"XXXXX3/36X5/3/6","204"
"X4452437/4/X6-81XX","125"
"X12XX9/544/4/X9-","151"
"X6/X-/-6X2/X249/7","155"
"423-X817/XX6/5236","134"
"518-8/6/X-93-X-/5/5","131"
"7/5/-/819/X-93-8/7/7","137"
"5/9/XXX-/X9/8/45","190"
"72X155/624/63X1851","114"
"X4/7272277-9-814/16","107"
"8/X5/5/-2631535X-/4","124"
"61X1/1/9/1/XX6/X44","172"
"1/2/7/41XXX63X-/4","166"
"X221/XX8/182/X-/2","158"
"X44-22-X36XX5/X45","142"
"X4-8-XX315/X45X-4","129"
"5/X4/2-X355/-/1115","109"
"7/X3223X3/9/6/514/7","138"
"81-/53XX5/X9/8/7-","159"
"53-3X22XX31X2121","89"
"6/4/3/X9/5/5-7/XXX","172"
"3/258161-47/52X8-9/7","104"
"-/3/452/X6236X5/9/6","146"
"X9/X9/7/8/7/XXX-5","197"
"9--/535/44XX6/62X62","142"
"6/8/5/4-6/X2/X7--/4","149"
"52X186-7/1/9-225/X9-","123"
"-49/3/X6-5/-/-/4/8/6","127"
"6/XX-/8/X3472X7/-","161"
"X-69/-/4-9-X-4X63","105"
"X624-35XX-69-9-9-","107"
"X3/5-X1/7/9-5/8172","141"
"4/4/-/-/616/X6/-/X55","147"
"3/X6-32367/X5/2/4/8","140"
"4/817/7-9/X359/X-/3","150"
"9-42X5/X3/2/7-7/62","135"
"7/3/2/9-6/1/3/44X44","125"
"1/261/4/25X9-9-2/3/5","118"
"3/-38-6/XXXX53XX","172"
"4-X2/XX2/14619-5/-","128"
"7/X714/9/6214X812/X","142"
"2/X72X6/X8/X722/X","176"
"X6/9-9-9-X3/X5/34","146"
"5/6/1-3/9/X51X4/62","133"
"X4-54-93/3/X239-3/X","118"
"XX6-1/X31X1-4425","113"
"6/9/547-51459/-15/9-","104"
"443-639-25XX12XX52","115"
"4/43539/9/X-/X7245","145"
"8/XX53XX1/X614/-","166"
"7/5/8-2/529-8/2381X41","113"
"X7/8/6/631-X368-8/9","135"
"517/X3/159/9/9/5318","133"
"62X9-X5/X5/8-X72","150"
"5/X4/438181X1423X71","122"
"33XXX8/X-8XXX9-","208"
"13XXX-48/6/6/63X91","149"
"-/X72XX247-9-XX-7","145"
"X-6-/5354355/4/7-62","108"
"9/XXXX2/7/5-X2/-","189"
"X9/X6/XX3/2/X9-","183"
"XX363/718-8/XXX-7","171"
"X34X-3X22X-/4/9-","120"
"419/X4/4/X5/XXX31","186"
"X3/XX623/9/X72XX","179"
"61X637/XX62XX9-","164"
"61X423-3/1/254/X22","100"
"X52XXX45XXX9-","193"
"9/-3129/3/71X611/-/3","101"
"5-X1/2/15XXX3/X43","164"
"6-XX13523/5/X72X63","134"
"X2/X4/XX338/22X28","161"
"45XX9/X-49/X9-1/-","154"
"269/36X8/6/27X4/1-","119"
"-/61X3/3/X813/8/3-","138"
"11X348144351/X3/27","112"
"81X72XXX6-X-/X22","169"
"81455/16XXXX9-44","161"
"9/9/2-613/1/X9-5/-0","109"
"4-X9-8-7/X9/43X-/-","131"
"X3/4/X-/5/11156/51","129"
"X5/X233/8--7438/5/4","129"
"222--5-/6/X9-339/6-","103"
"818/8/5/XX5/3/15X19","157"
"-/X-/3/-/21XX9/4/2","153"
"X1/42X9-23X-19-5/6","110"
"2/XXX41X2/4/1/9/6","174"
"4/X9-5/164/7-5/X-/2","142"
"71X2/9-5-1/18-/2/X35","131"
"X3581719/1/X6/42XX","134"
"7--02/716/5-X6-3/3/3","100"
"1/3/XX41-/7/XXX73","191"
"X1/XXX7/XX43-/-","195"
"X53XX6-1/7-61X72","133"
"413/622/72729-X44X23","114"
"X-39-2/13XX611/X7-","127"
"X1-XX81358/9-167-","118"
"XX1/XX23X72X6/2","163"
"8/9-4/4/5/53X429/5/X","137"
"3/1/X5/X7-541/7/X-8","159"
"5/X7-18XXX5-9/X81","167"
"5/4/X63XX4513189-","136"
"X2/-/X61X5/9-8/44","144"
"X6/X3/X369/1581X23","149"
"9-618/X9-3/-/7-X81","126"
"X9/5-3/621/-51/4/21","108"
"9-1/3/44413/5244X7/7","116"
"XX1/229/5/9/6-729-","131"
"XX-/5/X9/7-XXX44","191"
"2/-/6/4/XX1763632-","127"
"81X166/5/XX33XX31","150"
"3/4/5/-653X4/1/63XX","129"
"X71X123/7-72X1/3-","111"
"2/4/XX8/13X-/XXX","187"
"354/52343431X9-5/7/-","103"
"X52XXXX22XX3/9","186"
"1/2-1/-/6/XX9-XX91","166"
"714/X1/X5-XX7-X26","157"
"8-X-771X26115/228-","92"
"8/X72-1XXX1/1/3/X","164"
"X-29-9-7/5/8/X21X52","118"
"X-19-X4281X4/XX26","132"
"X8--5263/5/3/9/3/X72","138"
"525/-49-138/XX4-X23","111"
"-/XX712/3/211/1/XX","152"
"-/7/1745X9-X-/X3/9","152"
"7/8-XXX535/X2/71","172"
"X5/1-9-X21X9-43-/2","104"
"X8/X9/9-2/25X2--/9","140"
"-83/17XX8/XX5-51","146"
"52X2/4/X142/428/62","125"
"139/1/XX4/81X35X61","149"
"3/X3/XX626/X4/X31","186"
"2/X42X1/1/8/XXX7-","185"
"3/X1/X8/5/XXXX64","221"
"-/X81X1/621/7/9-5/8","155"
"6/4/5/21427/53X18XX","121"
"63-62-8/9/9/5/5/1-6/1","108"
"2434X5-X51817/8/1/8","111"
"X9-X-372726/51539/9","110"
"XXXX44X45X1/X8-","196"
"XXXX4/2/4/52634/3","174"
"X-/X9/8/814/4/-/9-","157"
"X8-3/-/6/9-X4/1/81","138"
"8-8141X6-535/2/4234","91"
"-69-7/X7/X251/5/X91","154"
"X41X7-81XX4-3/X1-","126"
"719-1/2/X6/XX6/9/3","167"
"-49/X7/7-6/418-X1/4","129"
"X9--918X7/XXXXX","196"
"X2/XX2/X9-XX13","169"
"343/8-X8/X9--3X71","130"
"9-411/8/X5/714/X8-","143"
"X36-/42X9/X2/3-8/6","140"
"5352-/X3/61226/15X62","117"
"9/21175/532/22815/-0","81"
"5/54256/1/9/9/5/24XX","133"
"X153/5/9-X8/9-12-9","125"
"3/X3/6/7/8/4/41X6/-","154"
"41X1/61X7/9-34364-","116"
"8/717/1/61X6/8/X3/5","152"
"54X7/X18X14X816/8","143"
"5/8/X15814/X3/3/9/4","155"
"8/XXX5-819/X2463","155"
"3/X9/9-1/6-X1/XX6-","172"
"X5/4-X-/X9/6/8-51","146"
"X2/X5/X2/53X167/4","161"
"7/4/XX2/24-/1222-4","116"
"342/129/33X6/4/-/1/9","114"
"XX7/-2XX3/XX34","169"
"4/X16413-XXX9/XX","171"
"X-/5/4/XX-/X8-X41","170"
"1/XX7--/X7/44X3/1","164"
"X6/X452/9/9-XXX61","188"
"X-78/81XX81819-3/4","139"
"114-5/635/629-9/7/7/5","113"
"9-XX-/624/-/X52X1-","138"
"X8/9-4/5-X1/32-781","122"
"XX4/22528/X1/544/8","149"
"9-451/3/7181515/-89-","98"
"61X4/-7X229-6/XX-X","131"
"9/X6341XXXX-7XX","177"
"-15-1/3-XX3/51X9-","114"
"-1176-6131X6/XXXX","146"
"-/9-727/X3/53-351X7-","126"
"15446/XX9-41438171","120"
"43X72713/9/X34X7/-","136"
"X7-9/343/X134/X61","126"
"XXX5/53-/712/6/6/3","168"
"XX7/XX62222/1-X28","155"
"X7-X5/3/7/9-XX2-","138"
"X54X9-6172XX172/3","132"
"1/7-184/X9-9-2/27X7-","128"
"X1/4/9-X5/XXX6/2","190"
"3/X435/7/-3XXXX3-","170"
"449/3481X4/5/X7/X64","152"
"7/X7/456/XX81X32","159"
"7/7/1/9-X5/8/253/-7","130"
"XX2/X16X1/-/9/X9-","174"
"9-XXX2/-6X1/6/5/3","161"
"8/8/X8/6/5/14X9/71","150"
"1/623/X23447/-31/2-","99"
"8-X1232X3/5/X5/X27","143"
"-121518/9-8/X9/9-2/7","123"
"184/32XX-9XX1/X31","150"
"3/6/42513/81XXXXX","179"
"9/5-1/X72X4/-2337-","113"
"9/5/XX31816315X8/X","140"
"8-3/X81316/7-X44X4-","124"
"X3527X2/7131343154","104"
"XX32X278/X-/24X7-","146"
"8/X1/513/15X9-9/X31","140"
"7/3/5-X726/6/1/-4X81","121"
"53X7/6/1-9-2/X-842","117"
"62X1/452-XXX5-9-","137"
"9/7/9/X6333-2X9--/4","134"
"-071819-2/8/-35/XX64","123"
"-7815/X-14/X1-X9-","108"
"X-/-/6/XXX5/2/81","180"
"6/3/8-2/XX4/X259-","156"
"81637/81X-9X9/9-X37","141"
"X6-7/-/-/54X3-4/-3","95"
"9/6-2/323-4/12114/5/9","93"
"6/8-X7/XX6232X11","137"
"-/2536549/4461-54/9-","99"
"273/X4-9/X2/-/72X37","143"
"35-64/4/-363XXX4/6","140"
"726-814/5452XX3/72","124"
"8/9-7/-/X523/6/3/13","126"
"3/-045X14319-1542X1-","75"
"4-XXXXX8-XXX91","227"
"X-23/-/XXX13635/9","141"
"X-0XX9-X25XX62","143"
"2/1/6/X2/XX35XX72","182"
"459-X2/357/537-8/31","106"
"8-XXX8/XXX-/81","203"
"11XX453472113/XX26","132"
"5/526/X8/X5/8/XX25","179"
"724-X3-5263275-5/2/3","84"
"8/814/81X5181X6/7/7","139"
"9-XX4/X71717/5/9/7","158"
"X34366/XXX147/63","149"
"81X5/25X237/XX9-","145"
"9/-6154/7/X4/4/-69/8","127"
"1/9-6/X7/X51XXX9-","188"
"X1/9-8/7/157/8/9/14","135"
"8/X542/6-X62-1X53","123"
"XX-/53X1-35714216","104"
"181/5/X9/9-5/61-/72","141"
"-51354X723/17X14-/9","104"
"9/1/81323/6/6/X3/5/3","143"
"XX9/XX2752619/2/6","161"
"X7/4/2/X9-7/5/1/5/4","149"
"XX72X51XX215/5/6","146"
"9/-/X34X518-X8-33","116"
"1/8-X9-XXXXX12","181"
"9-XXX7/XX-/2--/4","174"
"81X8-8-5/177/188126","99"
"4571X9/5/XXX35-7","158"
"6121XXX1651-/53X41","129"
"XXXXX4/2/8/X-/6","220"
"43544-X53X8-349/1/2","102"
"8/XX3-4-53X6--141","99"
"5/12X8-368/27XXXX","150"
"6/8-2/XX178-X818-","137"
"8/639/8/345/71633/4/1","122"
"13XXX2761X3124-6","121"
"X21X626/44544/3/XX","126"
"6-2-1/X1-5/XX3/8-","129"
"8-319-452/32XX817/X","124"
"2/9/3/3/52-/-5-81/-/6","116"
"7/5/X9/2/X35X4/4/4","161"
"9/X7/5/-/9-1/XX35","162"
"4/3/6161X7-3/7/-/X7-","131"
"3/X8/X5/9-X5/54XX","172"
"31XXX7/728/X34XX","171"
"X7/54-47/7/X8/9-6/X","153"
"-/4-X4/325/4/XX4/6","150"
"XX3/XX33411/XX27","174"
"X3/2/62X7/9-6/-57/8","137"
"-66/72X-09/357/X6/2","115"
"4/6/41X8-6/XXX6/6","173"
"63XX9/3/2/8/421-8/9","141"
"5/139-8/3/2/X458/X63","136"
"X4/X-/15X8-4/X9/X","163"
"XX8/229/2/7/7-44X44","143"
"3/525-3/2/XXXXX15","186"
"XX3/129/42548-436/-","111"
"7/X9-X5/8-XXX35","173"
"429-4/X5-7/XX9-X61","149"
"62-/4-X6/XX6/-5X71","145"
"X-/X8-X4/71X5/-/9","160"
"XXXXXXX8-X-/-","234"
"XXX8/5162X8/-7X91","164"
"4/6/8/72X8-273/X8/8","153"
"5/X2125XX12619/8/3","118"
"XXXX1/36542/XX82","200"
"XX9/XX4/XXX6-","211"
"-41/XXX8/6-XXX53","197"
"-6X3/-87-248/9-X9-","113"
"X41X23X24539-8/5/7","111"
"2/6/X413/X8/5-8-8/-","134"
"358/-/X5/X1/7/X2/8","173"
"-0X33XX9/539/4/17","127"
"7/4-13XX8/8/358/4/2","135"
"5/729-7/8/-/35X-/2/-","126"
"35168-44XXX614/X2-","143"
"7-X8/X2/X9-1/X23","155"
"XX1/X1/41339-8-X25","140"
"X8/2452X5/1-9/XX7-","141"
"XX2662X62X6/613/2","137"
"8/XX1/5/9-9/X613/5","163"
"X23279/7-1-262-9/X64","104"
"X345/X7-3/4/X1/21","137"
"1/1/7-27X1-257-818/8","97"
"636/X325/4-7/X6/X31","141"
"6/268/5-1/2/X72-3X91","123"
"-01/8-62619/4-9/1/27","91"
"7/623/321/4/9/-14513","99"
"9/9-328-9/1362245/2-","84"
"1/54X1/726361163/-3","106"
"9/X5/7/5/8/X7/XX44","192"
"9/7/XXX-/X9-51X37","181"
"63417/2/449/XX3-35","115"
"XX2/7/X15X-89/X73","167"
"X4/15X4/6/61X-/7/1","144"
"72362/X5/X7/7/8162","150"
"X23X811/9/X-/8/9-","153"
"8181169/6-X35X9-4/6","117"
"45X6/XX438/256332","130"
"1/6/1/X32X8/-/3/4-","128"
"X25159-X4/5-253/51","107"
"X-/2/X9/534/71X9/7","157"
"6/X6/XXX81X3/1/-","187"
"X1/27X7/3/311/X18","139"
"8-XXX3521XX4-2/7","149"
"1/X5/-3-/2/316/X27","130"
"X4-815/17815/5/52X7-","109"
"12X63XXX9/8/-/X61","175"
"3-XX627-X71X4-X9-","125"
"8-X1/XXXX5/X-/6","209"
"X4-XX2/8/8/4/X-/8","168"
"3/3/7/X12X1/-/-6X27","131"
"816/X2/X5/54XX9-","170"
"637/X178-XXX9-X62","168"
"X4-6/4/9--/1/7216X19","124"
"X9/5/1/X151/42X6/1","139"
"619/9/7/34-/9/X63X81","149"
"X63X-1XX277/8/81","135"
"XX81X33-/214-51X7-","120"
"-/X6/XXX24-/XX91","203"
"34XX-48/X53X-/24","129"
"9/X174521X5/-6XX34","134"
"XX3/35-/3/X62X5-","143"
"3671X815/512/125/X82","120"
"-97-8/165/X7/XX61","144"
"8/419-X613/412/9/9/9","128"
"8-62X9-16816/258/X81","118"
"XX52X-/248/8/4/6/5","150"
"-481X71XX3/6--/71","129"
"8/XXXX7/1/2/XX34","210"
"X359-728/X3/9/24X91","141"
"5/253/X8/62XXX54","166"
"9/X626/216/XX9/8/X","168"
"4/6117XX9/5/XXX-5","180"
"224/X3/X6/X-2X-/7","155"
"-/2/8171X-02/6233XX","107"
"53X2/229-XXX1163","127"
"8/142-X-/7/X3-1/9-","119"
"X4/3/9-631/7/X61X81","150"
"9-X9-X7/44528-X3/7","131"
"8/9-6/8-X2654XX9-","146"
"X113/XX2/6/9-XX26","160"
"42X529-21X9/X4/3/2","127"
"9/423/2/X4/9/9/XX71","175"
"523/2/X438/4/6/X9-","141"
"X8-5/9/X9/X9-9/1/4","158"
"X8/X9-X34X611811","127"
"X8/X9-X8-61X4/5-","141"
"53X4/9-X22X23X5/7","131"
"8-X5/9-27-2X81-2X91","117"
"XX535/41XX-/XXX","180"
"XX8/446/123/8117X19","139"
"8/7/4545XX5-9/X43","138"
"72XXXXXX35XX3-","214"
"9-X-/5/XX8/X81X63","179"
"3/5141X62-02/9/9/X63","129"
"XX-/2/6/63X1/4/X7-","164"
"6/3-9/X2/727/9/32X7-","136"
"8-3/2/8-2/81X9/X9/9","152"
"X1/517/X-/X81X3/4","163"
"8/621113185/1/X-/61","113"
"XX7216X8/7/-08-1/X","137"
"X62X22XX8-61X9-","133"
"4/5/7/7/237/X-/4/32","138"
"X6-3151X7/18-7434/2","98"
"X7/5/2/3/XX3-9-34","135"
"-18-X5/2/5/8/5/8/6-","129"
"X4/X4/X3/X349-4/-","163"
"-51/52X5/X1254X8-","118"
"549/5/3/6/X17XX63","153"
"9-XX1/-6X4/32X1/8","142"
"4/X2/6363X818/7252","135"
"6/7-XX-42/8-5/X72","136"
"9-X159-5/X3/7227X12","128"
"8/136-4/X5/X3/1-X46","133"
"-151126/X818/5/XX17","132"
"5-X811/X-/-5X5152","117"
"8/27XX2/-/347/X3/9","152"
"9/8/X5/X-/X7/8-X-X","184"
"XXX4/8-3/8/XXX17","207"
"4/18X4/X8/XX-/-/1","161"
"9-X34X44X-9219/54","114"
"24X2/8-XX9--45/8/9","150"
"3/2/X6-5-7/3/1/4/X11","129"
"9-X9/-54-X9/X1326","114"
"7-21815/6/XX8/419/4","136"
"6/3/6/X-2X2/-29/4/6","125"
"XX126/4-4/3/9-1/X51","132"
"XXXX5/3431247/-/1","156"
"X2/258-115-9-9-X41","92"
"349/X9/9/8/-/1/266/-","135"
"33X61-7535/X54526/X","120"
"X7/X3-XX4/X4-6/4","152"
"X519/X8/7-9-X34X81","138"
"2-X31XX318/5/159-","102"
"-/9-1/9/42236/XX3/5","150"
"148-8/438-41X5/7/62","108"
"X1/13X8/5/7/63XXX","162"
"XX522/114/X621/XX","148"
"7-12XXX7/9/XX2/8","186"
"X6/2/X8/X331551-/1","137"
"32-/XX1141-37/279/7","106"
"XXXX7/17323/4/5/9","179"
"XX9--/7/118/233/4/6","134"
"X9/-/-/6/X127/1/X17","141"
"X5-53X3/9/X3/XX24","165"
"628/X7/8/XX31XX36","169"
"X9/X1214XX-/41X81","139"
"7--/-/7-8/X-6X72X1-","122"
"6114338-4/81729/518/3","96"
"1/5/-92/-88/X333/X73","134"
"XXX4/X27X339/-9","163"
"X6-5/4/XXX23X-3","144"
"X2/8/61-/X7/-8X5/-","149"
"81XX7-4/X4/X1/52","162"
"5/XXX412-X335/8/-","146"
"3/8/XXX-/XXX33","203"
"X1/4-X5/XX8-8/36","154"
"3/XX721/1/4/9-7/42","148"
"3-7/9/3/X1/3151511/1","115"
"X8/XXX13X1/X43","173"
"8-XX6/624/-/X154/2","142"
"XXXX1/X6/6/5/2/2","196"
"X9/219--72/444/X21","109"
"24-615X-/9-9-9/61X-6","114"
"XX9-X52X6-9-7/X7-","149"
"7/32-/4/712261X726/8","114"
"X6/9/X6/1/7-2/3618","145"
"XX1/8/X7/X4/X33","181"
"3/27X4/417/23638/X16","123"
"612-7/7/7/X7-8/8/41","124"
"-/7/4/9/6/X341/2/X64","162"
"3-XXXX7/XX-/1/7","198"
"9-8/1/X8/9/4/729/X12","152"
"XXX637/XX-/71X13","183"
"X3/X347/8/X1/2/31","151"
"6/3/331/528/5/2/6/-3","110"
"-/X7153XXX616--5","145"
"12XXXX9-X-/261/2","172"
"9--/-26/-7X9-7/X8-","112"
"X31-/X-98/1/53XX63","145"
"6/2/455381XXXXX43","183"
"XX9-6-2/X2/9/6-8/3","157"
"7-X7/X9/5113X6/32","130"
"X6/-/X4/7-XX9/62","167"
"X4/X8-XXX42X7/3","175"
"X3/-78/435/-334XX43","119"
"X7/X3/-0XX2/X54","160"
"X4/4/X7/9/XX8-X6-","183"
"4/8/-/632/X4/2/8/X72","162"
"177-118-7/-5X818/X9-","107"
"XX8/81X7/6-534271","139"
"9-X8-6/X7/6/XXX19","182"
"43X9-5/352/22XX21","110"
"239/9/XXX1/X9-X41","178"
"4/XXXX1/31-3X2/1","172"
"8/2/XX-3X-8XX31","135"
"113/-952X7-XXXX9-","160"
"235-XX2/XXX2/5/9","178"
"5/9/5-1/9-5/1/X229-","125"
"X7/11X-/324/255/X55","130"
"-/61X63X5/6/XX25","153"
"9/2/-/714/-/172/42X91","116"
"62213653X3/X7/X9/6","144"
"X6/XX7/9-54-/51X81","164"
"3/X9-X45X2/3-139/6","132"
"XXX516-XX-/8/2/-","163"
"6/9-1/6/X9/6/13XX51","156"
"XX2-XX5/3/XX81","170"
"5/4332X6/2/X639-X82","135"
"2/3/328-9-3/3-X1/71","109"
"7/X333/XXX63X9/9","185"
"7/X543-54X6/X-/XX","160"
"4/1/X-/X13X1/X9-","157"
"9-7/9-X612-2/X8-5/8","127"
"441333X61XX338-X19","115"
"549/2/2/XXX9-3432","152"
"2/-/9-X5/X52436/34","129"
"2/2/X-/5/X2-X9/7/-","148"
"X5/71-/XX6/22XX-X","167"
"9-168141X25XXX-3","120"
"XX2/519-26X1/X7/5","155"
"X1/X7/3/7/X1/5/62","169"
"4/XXX6/XX35XX31","202"
"311/X53XX421/X9-","144"
"9/6/X-/8/8-X9-6-5/2","146"
"3/XXX3/2/1/8-X-7","166"
"X4-X36X-/7/9/45XX","145"
"9-6/45XXXX449-X34","168"
"44XX216/6/722/XX6-","150"
"X-/XX81X-6X44X32","159"
"21X53-03/16X44XX7-","117"
"X5/X9/9-XXX4/-/2","184"
"1/X-8218/71XX-77/-","128"
"2/3/531/431/5/4/9-2/8","132"
"2/XX189/23-1X8/13","122"
"8-6/4/9-9-1/1/5/X63","133"
"9-3/8/X815/33X3/81","141"
"3/-/X356/-5X34X2/X","135"
"448/XX8-6/9-9-3/41","138"
"2/7-7/-4-/9--09-X6/8","113"
"8/5/5-445-9-2/45XXX","130"
"8/X-93/45X5/4/XX24","163"
"XX8/3-X141/332/5/7","135"
"4/8/715/X7-22X6-12","116"
"X62X2/X716-6/X81","146"
"7/XXX716/7-6/X8-","173"
"6/4/XXXX8/X4/4/6","212"
"XXX6/5214544/XX46","176"
"6/X2/5/X6/9/6/XX82","198"
"3354X53X7/2681817/2","111"
"449/15XX-/2/2/131/7","121"
"-73/XXX7/X-7521/3","168"
"XXXXXXX9/2/X54","250"
"-/8/X-8122/3/8-XXX","156"
"XX9-X1/7126-8XX6-","160"
"81X53253/X4/3623X51","125"
"27364261X6--/X5/-5","108"
"819/5/-2X638-XX2-","108"
"X146/261615-272715-","77"
"6/4/7/-/534/2-423/X81","123"
"7/5/X2/1/7/6/8/4/1/4","156"
"311163X8111X9-6-8/-","89"
"X3-5-61441/4/1/XX54","125"
"331/X4/1/15541/X6/X","143"
"-36/1/9/XX54127/X91","149"
"9-7-3/8-XX2535X3/5","131"
"X257/3/1/5/X4/6/62","143"
"7-X727/542/62XX7-","134"
"X1/2/3/6/431/5/2/X21","142"
"445-4171XXXX7/X61","170"
"4472-/9-X5/4/XXX52","171"
"2/8/7/XXX-/X7-2/6","185"
"X5/X8/3/X4/X4/X12","186"
"4/9/2/8-8/X-/XX7-","168"
"X61-45-9-X4/X9-2/4","124"
"2/X35X4-8/9/X9-9-","140"
"543/1/X138/-33/XX44","133"
"6/117/3/819-5327XX9-","127"
"XX2/6/9/8/147/631/1","147"
"XXX8/X3/26-/X7/7","195"
"X5/-/X18X5/45X62","147"
"3554X6/2/21X71X1/9","129"
"9/X71X2/8-XX7-36","152"
"7-XX4/14141--4812/6","102"
"3/X5154X726/4/62-/-","127"
"214-7--59/X9-X61X5-","106"
"2/X362171X-/X8/7/-","146"
"233/X5372342/5-16X41","109"
"9-6/3/2/5/XXX8-41","158"
"-5X621663816-63X5/-","101"
"8/2/4/1--/X-03/8/1/2","109"
"XX2/X16X816/-681","139"
"6/X527-7/3/4/6/9/X8-","151"
"X9/X9-X9-X9-2/2/3","149"
"X26X8/-5217/-/5/X24","125"
"X42X5/X119-XX7/2","144"
"-32/722/35X7-63XX-X","123"
"X-/XX61XX18359-","156"
"72X72253/422/342/X33","120"
"XX7/7/6/-04/17X71","135"
"4/9/9-3/XX-8XX2/X","175"
"-9X42X8-6/1/9/-161","105"
"X4/1/X1/-8XXX9/5","183"
"72X7/XXX-/-25/9/2","162"
"249-31X-/2/3/XX42","130"
"X1/8/XX2/5/XX9-","192"
"217/X5/2/7/X4/538-","143"
"9/8/3/-41/7-42X6/-7","112"
"2/6/-/6/8/34X3/X3/3","153"
"9/-79-21X8/3/628-XX","114"
"X162/X6-X8-2/7/X81","148"
"XXXX8/-/XX3/-/8","209"
"18338/511/7/1/XX1-","117"
"8/8-XX9/X5/-/8--6","157"
"15538-9-8--/6/4/-/4/1","104"
"X5/XX9-X-/4/3622","157"
"8/X1/X4/X-/5/X71","181"
"9/816/17X3/X8/9/X34","162"
"61X5/8/34721-9-8-2/2","104"
"1/9-XXX43459/1/3/6","155"
"5281816/7/X4/X-69/7","141"
"639--/X1314X417/5/4","110"
"XX-21-2/XX3/X2/6","154"
"X5-X3/X7-XX6331","142"
"818/9-X9--/7/7/62X9-","142"
"XXXXXXX4--681","207"
"X1/X9/X727/X2/71","173"
"612/7/2-XX421/5/81","126"
"9/XX8/X5/8/X5-25","173"
"X-19-4/1/XXXX8/4","174"
"523136816/9-8/9/-1X43","104"
"1/-4XX3/X1/X3/X62","175"
"-/41XXX328-X4/X52","157"
"1-X1/7/25XX6/2/4/8","147"
"-96/-0XX21XX71X82","130"
"22XX632-13X7/3/54","121"
"6-X7/2/X-/X8/321/8","154"
"2/9-365-XX7-1/XX19","154"
"X71-5XXX11X9-2/3","137"
"5/234/XX1/-39/X24","133"
"6/XX5/1/XXX237/1","179"
"X4-8/5/4/62233/9-X9-","123"
"1/XXX3518271-XX91","167"
"1/X25617/3/2/X9-X31","138"
"9-428/6--/X3/52XXX","149"
"XX44X-/-/XXX1/2","183"
"5111X315-5471X2/6/7","101"
"-17/X53264/8/X2/61","136"
"4-21X417/X3/63XX64","138"
"XX9/6/XXX9/415/6","199"
"617-133/9-8/7/6/XX3-","135"
"5-6/X72XX4/X7/-0","147"
"4/XXXX2/9--/9/11","182"
"-/6/X448/XX4/X1/5","181"
"XX4/XXX5/1/638/7","192"
"XXXXXX7-148/11","189"
"X3/44X6/614/2/2/X9-","148"
"264-X113/X1-X4/9/2","109"
"X234/X5/X2/344/71","145"
"4/X7/4-7-9/8/6/6/71","140"
"424/6/7/16XX5-414/2","119"
"X-5XX23X1/5/359/2","130"
"X6113X8/XX2/X32","150"
"51X549/8/-/63XX8/4","149"
"X7/XX817/62316/7/6","157"
"15XXX4/X2/5/438-","164"
"4/-7638/3/428/2/2/4/X","117"
"XXX4/7-X2/X729/8","184"
"X8/X1--/125/31545/5","107"
"7/X61-2455/XX14-/5","131"
"61628/52XX5-9/6/53","121"
"2/X5/433/X3/3/1145","136"
"265/7/721/1/X6/X3/7","159"
"-48-XX3/71631/7/X8-","144"
"X2/XXX454/8/818/9","186"
"25XXXX425-XXX91","197"
"2/X72367/3/2/XX9-","159"
"4/X2/711/322/7/25XX","139"
"8/71X2/9/X4/X8118","161"
"X-1-88/4332XX8-X55","120"
"-/7-26X17-/-/X8/3/3","134"
"-/X7/179/3/33532/6/4","129"
"XXX7-X3/3/X33X6-","172"
"X7/9/216-XX444/XX","150"
"X5/3271X5/117-X8-","112"
"-6X7/X241/541/5/X82","147"
"X811/5/XX8/36712/7","158"
"8/6/339/8-81X6217X91","124"
"81X3/X7/X2/8/XX43","188"
"2/139/XX4-X2/9-54","134"
"3/X1-5/X6/42XXX55","167"
"-/429/X4/2/9/1/1/9/2","144"
"224/127/X9/XX8/X91","166"
"4/4/1/54X2/4/3/2/21","123"
"216/X819/5/247/X8/X","144"
"X27XX23616/4/1/6-","124"
"-/8/XX7-3/X6/7/44","168"
"5/33X138-X32-7X23","92"
"XX7/X3/-/9-352/3/X","166"
"3/14-5XX-84/6-X3-","105"
"X7-13X4-9/2/1/724/1","106"
"8/8/81X232/7/16369/3","122"
"XX5/X5/XXXX34","212"
"XXX2/X4/-59/1/X-3","171"
"X33-3611/X8/62XX-5","131"
"X9/4/9-5/-/8-9-X9-","135"
"X4/316/9/9/X8/-154","135"
"2/3/XXX2/1/5/42X53","169"
"5/6/8-X32X4-XXX91","159"
"XX-49/9/XX7-9-X32","152"
"XXX8144X3/-/X5/9","183"
"X6/XX6/6/543/-/1/4","161"
"7/X3/7-9-X9/-/5/4/1","143"
"X427/XX3/9-7/8/3/5","159"
"X9/815/-86/X2/X22","143"
"X619-9/2/5/8/2/626-","120"
"X-/X3/3121XX-/63","145"
"7/-3XX8-3/6/63XX7-","152"
"X815-3/X3-8/XXX44","161"
"31-24/-/22317/8/X8/9","113"
"9/7/6/5/-/629-X129-","116"
"X62XX2-7/7-X8/32","124"
"728-2/-1X31226/7-6-","80"
"X4/X342/X1/61X9-","155"
"-4X34-/XX7/-635X21","132"
"X-69/124/369-X7/X72","126"
"XX2/616/X256-2-8/2","129"
"9-9-5/-63/X9/7/X5/8","149"
"2/XXX8/3/8/6/-1X14","171"
"2/XX8/43X2-XX3/1","157"
"8/32365/7-6/3/XX14","125"
"9-X8-XXX8-6/XXX","189"
"X1/2/-/15XX133/53","121"
"4/XX8-1/X8/XX34","181"
"9-63X8/X459-X8/-/3","138"
"9/X8/72XX8/25-0X-4","147"
"218-6/7/X2/7/5/-42/9","133"
"3/X-1X357/63XXX62","157"
"1/X14XX1/X8-X6/X","167"
"6/-/XX4/8/1-XX44","154"
"2/X9-3/X9/128-X-/X","150"
"3/3/328/XXXXX11","176"
"3416X6/X9--92/14X53","125"
"1/X63-2X35X2/-/X2-","138"
"XX3/-/8/3533XXXX","178"
"X45XX-14-72413163","91"
"3-279/71-1XX1/X3/1","130"
"344/214/27XX6/42X46","129"
"-06371X132/X5-XX3-","111"
"X344/7/X1-63X6/9-","130"
"2/9-3/2/1/X9/8/4/X91","163"
"X61XXX8-X184/8/6","170"
"6-4/8/25XX4/XX9/7","173"
"5/9/1/X5/9-XX3/8-","167"
"-2X-/9-51X5-5/-/1/8","115"
"5/8/X4/811/XX-/5/-","170"
"XX9/7/7-3/X1343X-7","152"
"4/1/XX817/X9-X3/6","171"
"6/X9/1/X7/9/X1/-/5","175"
"6/X3/816/7/4/X11XX","152"
"6/137--/2/538-148/9-","98"
"9-4/8-2/61-71/X5/4/8","137"
"-27/5/X22X7/X54XX","143"
"X71X8/5/9-7-XX1-","129"
"X9/X2/81729-36X53","140"
"6/XXXXX4112-142","164"
"62XX9-7-9-624/1-X5-","116"
"-/X-/X9/X52814254","148"
"6-XX3/6/X-/9/X81","172"
"XXXX8/XX5/7/9-","218"
"7-163/81812/-/2/7/6/-","115"
"8/X123/XX4/8/X13","156"
"X357/XX458/4/4/9/1","156"
"-/2/54277/9/XX3-9/3","136"
"7-X7/9/X5-6/X4/1/2","149"
"8/361/4/62X514/8/8/9","137"
"XX2143X4-62XX7/7","135"
"6-8/8/1/144/X436/X27","134"
"1/524/71815/448/X72","126"
"X7/XX-8X4/2/23X91","155"
"8/XX8/X61X521444","149"
"X5/-13/-/X35X8-6/7","130"
"X6/2/6/XX6/XX7/2","193"
"523/XX-8X-/9-XX91","170"
"XXXXXX4431X45","202"
"-/-5-3-86/XXX-8X63","141"
"6/5/6/-/X8/9-XX8-","163"
"9--99-X7-7-X219/X36","113"
"X1/8/-5-3-/63X6/8-","127"
"9-62XXX8/21178/9/2","149"
"5-7/X21X2145X1/6/5","117"
"27X5271XX8/255/8-","134"
"8/X8/434/2344X9-X63","133"
"XX-/528-X1/7/632/-","142"
"42XXX34629-4/9/7-","143"
"XX9/XXX6/X9-35","201"
"187/-/3-9-5/4/-/9-X33","112"
"X9/729-XXX-/535/4","162"
"5/X2/X5/9/X429/6/4","171"
"26X188/7/XX24XXX","167"
"72X6/X6-3/X54XX61","162"
"7/5/7-X4/2/5/3/2/-/2","133"
"5/8/1/7/1/81718/X2/5","147"
"-31/9/1/4/5/5/72114-","109"
"X9/636/5/-8XX5-3/-","133"
"6/637152XX3/4/4/7/7","145"
"3-72X8/X8/213-9-12","102"
"XXX4/1/447/XX3/1","181"
"1/XXXX175--6-95/1","158"
"1/1/32-/-2X8/XX22","121"
"XX-/X419-21XX7/4","153"
"XX7/241/1/12X7-X61","131"
"X9/X6-247-2/7/7/X32","144"
"9-XX7/-4X7/14XX6-","148"
"5/XX1/9--75/71XXX","171"
"XX1/16X9-XX2/9-","157"
"1/7/X619--6-6X6/9/-","131"
"X2/7/341/72729-XX12","135"
"1/X3/XX7/9/3181-/5","167"
"XX9/X259-XX-/X91","182"
"-4X3372413/355/3-5/X","97"
"9/XX8/8/3/6-9-25-/3","150"
"X728/7/8/33X9/X45","150"
"3/4-2/1-3/3/X719-9-","107"
"3/X819/X62X-3XXX","160"
"6/337/9-XX2/5-9/-2","121"
"3/XX5/XX424/X7/7","188"
"-/X9/1/-/X72X51-9","140"
"2/9/1/XX7/4/4/15X73","162"
"5/XX453272-16/X6/2","139"
"8/-/3/1/X9/8/-49-4/6","131"
"X6/7/1/7/9/6/3/X7/X","173"
"X7/9/XX6/9--/8-45","168"
"6/63X3--/42X275/XX","129"
"2/XXX722316XX9-","174"
"4/6/3/1/9-3/9-9-6-2/X","131"
"X3/X52X1/4/4-X9/1","147"
"7/X5/X3/7/X4/X4/-","187"
"71X36355-23X6/XX-7","131"
"X7--/9--34/7/6-457/8","121"
"4/5215X8-1/3/-/X9-","125"
"817/-89/X172/X427-","122"
"-9-/12335/X4/XX7-","140"
"4/71XX4345XXXX82","190"
"9-1/X6/3-6/8/X-/7/4","154"
"9-1/X27X8/7/X5/3/3","160"
"513/21X1/9/4/7/72-/4","131"
"4/XX6/53X5/9/X-/8","186"
"X-3-95/X5/31X-435","108"
"XXX-/-2X177/X8-","154"
"24421/X36727/-51/45","107"
"XXX9-X8/138/61-/2","157"
"6/5-X716/2/2/X12X24","122"
"9-2/X2751X327/XXX","153"
"X3/6/XX545/81X6/3","169"
"-/XXX8/X2/7/6/27","192"
"9-X3-6/1/9--/8/61X91","125"
"4/6/-/X-9541/-417XX","125"
"X1/817/6-717/4-X2/2","127"
"2/81X9-2/9-XXX25","159"
"XX2/X5/X3481528/3","155"
"1641X-99/9-X9-X81","124"
"21X2/-7X1334X-/X12","118"
"4/2/X9/2/X7/45-/X46","167"
"4/714/6/8/XX81-/8/9","172"
"-/7-45148-9-7/3/X62","114"
"X4/X7--/X7/XX43","172"
"-763-/9-X61X7-33-/9","117"
"9/549/4-8-XX31X4/4","125"
"9/X9/8--0114/-2-3X11","95"
"1/X-/122/4/71X2/X72","152"
"5/8/-/X135-X6/7/54","132"
"54816/135/7/XXX5/5","160"
"8/2/XX6-6/63X6/1/5","151"
"-75/8/1/9/8/XX723/5","163"
"9/6/626/XX5/819/X43","169"
"5/X6/X-09-XXXX-7","176"
"6/81XX7/8/-/3/X8/5","170"
"XXXX1/8/32XX5/X","202"
"X-/9/8-519/-1-/44X17","122"
"-/3/-/127-1/5/7/X6/5","131"
"XX8/42XXX12X-/X","175"
"X159-4/XX9-513/X73","154"
"9/-/5/5/2/X3/3/7/53","145"
"4/81X9-8/9-14X9-X55","136"
"1/X1-63X2-71278-2-","82"
"1-9/1/-/-172-453631/6","79"
"X7/X7-13X812/3581","126"
"5/6/7/5/32-2521/X4-","113"
"4142-8427/312/XX4/4","120"
"X11XXXX12XXX8-","187"
"X6-8135X1/X184/7/8","142"
"9/6/1-8-X6/14-9265/-","99"
"7-7/8/2/XX-171X26","123"
"XX337/XX61XX3/1","169"
"7/XX9-35339-6/XX--","150"
"X31X-3XX7/5/8-8-","130"
"5/6-6181-271XX9-X31","119"
"XX9/X27X9-9-9-34","150"
"45X5-9/X7/5/X-/81","151"
"1/272/9/7/XX328-X82","148"
"7/-/X35X9/716/5/26","136"
"X4/7/9/X9-X412/61","147"
"XX8/1/6-4-6/71459-","128"
"X9/1/8/X-/81X8/8/X","174"
"X3/4/9/5/X2/8-31-/2","150"
"5/X1-724461XX4-X72","117"
"-/X9-81XX3/X8/4/6","170"
"XX5/X5/X6-X12X42","159"
"2/1/8-X8/6/72X818/4","141"
"41344/7/1/XX1/2/X-8","151"
"X7225XX5/XX8/9/6","183"
"8-6/X3/217-8-XXX15","145"
"2545188-418-9/4/5/X73","115"
"8-XX725-72X3/8/32","133"
"3/7/XX8/XX4127X64","178"
"41-6X2/4/13726135X91","104"
"4/8/185322XX1/-/X73","141"
"X5/34XXX8/265/51","159"
"224/619/X212/X-/35","124"
"1/5/51-11/81416/72X44","113"
"1/-/9-6/XXX7-617/4","160"
"1/XXX9/-/8/52X6-","171"
"1/X817/52XX8/-/9/5","162"
"9/XX154/X8-X6/XX","169"
"XXX7/5/9-4/2/8/61","173"
"1/9-X8/XX729/3-7/8","157"
"7/8/X5-X5-8-XXX1-","148"
"4/6/X9-8-XXXX16","177"
"8-XXX-48/9/9/71X72","158"
"XX9-2/2-X6/3/XX33","163"
"-27/324/9-36-/-6X2-","87"
"9-9-9/3/18X62XXX9-","155"
"X431/-/X-/3/6-XX9-","157"
"4--7X9-X9-11X8/3/4","116"
"9/4-2471X-/4215621/X","106"
"3/7-X1/XXXX81X36","199"
"719-8-5/X-/71723451","112"
"5327XXX5/61X7/7/7","169"
"4/3361X5/X635/1/-9","124"
"X446-5/X51544/X1/4","137"
"XXX231/X6-XX6/4","174"
"6/31724-4551614/635/2","89"
"-9115/8162-/X619-X9-","118"
"7/XX3/XXXX6/X91","229"
"X-142X319-X-/X13","103"
"428-2/6/2/3/X4/X5/7","152"
"17XX3-X-/2181X8/5","126"
"62X7234X8/XXX8/5","176"
"1/9/XX9-516/X4434","155"
"7/4/X8/X316/X-/X43","169"
"613/222/41X4-4/X8/7","117"
"XX3/-/9/-/-13/1/X-2","136"
"XX4/XX-5819-8/-6","138"
"X615-4/4/7/5/7/3/24","123"
"X-81-5/XX116/X-/7","139"
"X2/154/X-/X32819-","135"
"8-4/1/9-81X5/5/X8-","137"
"XX-/5/5--52/X5/X44","158"
"629-3/7-728/6-52X7-","103"
"9-3244XX26X42XXX","142"
"623/9-8/-/4/-01/XX31","127"
"X729-X8/9-X-4X-2","117"
"5-X9-6-9-3-XXX4/3","138"
"XXXX4/339-128-43","150"
"XX628-9-8/X4/XX41","168"
"-/8-8/-/8/6/X72715/X","146"
"-/2/XXX7/-/276/X82","180"
"X1/13-7X545/1-2/8/2","112"
"18-/7/X9/517/2/X1/X","159"
"XX3/-/4/4-52XX9-","149"
"4/X2/X32221/14-252","109"
"X11X1/221-XX-67/6","109"
"9/X63X7/1/X-25/3/1","137"
"X4-52XXX71XXX7-","182"
"711/9-9/X32X2/X4/2","148"
"33X8/X7/7-9/5/9-6/7","150"
"423/12XX3/X7-31X8-","129"
"X7/9/X6/25XX8-53","160"
"71X17XXX6/9/9-35","165"
"XX-/4-XXXXX3/1","202"
"138/X546123XX327-","114"
"629-8/X6/6-7/XXX9-","177"
"8/8/8-7/XXXXXX-4","218"
"XX9/X2/6/X-/71X46","190"
"33-/8/XX6/3-72XX9-","163"
"X7-3/6/X8-63X-/XX","155"
"X7/X2/X9-81-/X5-","157"
"X1/32X175/5/X9/8/6","153"
"X2/6/X61XX6/X51","168"
"X9-X26222/-81/817/9","122"
"X7/XX6/8/X3/X2/6","200"
"8-X1-5-X1/X6/7/X22","136"
"14441/235/21XXX41","119"
"8/5/231/618154XX1/3","127"
"5/713481X3/4-8/9/3/8","129"
"XX2/2/23X22X-/26","129"
"4/418/3/3/1--4X269/9","106"
"3333XX1-7/7/-/529/1","105"
"X814/7/6/XX6-X2/9","168"
"44X4/X9/5/5-9/8-8/2","141"
"XXX1/X814/X447/7","182"
"X8/636/7/9/X33-63/7","146"
"715/71X1/1/3/5-XX-2","129"
"44X5/X7/-/1/X258/6","149"
"7/3/429/3118X6/9/XX","138"
"9-1244X3/XX3/8-X81","148"
"X9/6/6/518-51-/X8/7","144"
"XXX8-4-4/521/X54","158"
"X8-X447/XX72221-","132"
"54X-/-/X4/X8-XX64","171"
"3271XX5-6/XX52X25","144"
"-9XX1/237/XXX9/6","182"
"X317/45XX9/25X-4","127"
"7/14-2X3/2412XXXX","139"
"13X9-7/63X8/XX8/2","157"
"5/5/5/XX9-71X6-X9-","156"
"6/XX345-3/4/11812/9","127"
"-9113/17XX8/XX5/4","157"
"537-1/X4/X458/X53","149"
"72X617/-94/127/X4/5","121"
"8/7/XX7/218-1/8/63","150"
"-56/XXX9-3/X435/4","170"
"X7/9/X-/4/7/XX-7","174"
"16X-87--/71-/X3551","117"
"529/3/3/12X3/X2/8/2","137"
"XX8/XXX6/X7-X6-","204"
"XXXX42X8153625/9","169"
"5-X81X5/X6/445/54","139"
"27X8/624/6/4/5/8/X42","152"
"X9/XX4/5-542452X64","146"
"X-6XX1/5/9-9-XXX","165"
"32X1/8-3/X6/43X26","138"
"1/XX9/8-23X6/XX1-","172"
"32X4/7/8-1/X-9718/9","143"
"9/8-21XX3/-/-551X34","120"
"X-/X14X5/611/6/61","142"
"44X62352/54X6/637-","118"
"X1/X-/2/14XX4/X-2","164"
"XXXX426/2563X12","150"
"819--/X9-7-X7115X15","121"
"9/368-4/546/X51X63","124"
"2/XX4/X-/XX6/2/2","194"
"169-71X3/7/2/-5X33","110"
"X33-/3/278-812/XX12","127"
"7/X2-9-6-X7/635211","103"
"171/9/X5335211-X3-","101"
"X6/25XXX5/XX6-","182"
"XXXXX2/723/-/52","190"
"7/151/2-7/41538/-972","86"
"X724-8/XX9/3/X8/3","167"
"-46/61256/53-/XXX26","147"
"X9/XXXXXXX7-","241"
"X-/2/XXX-/4271X26","168"
"XXX2/XX813/1/9-","187"
"1/35X9/X9/455/53X8-","145"
"8--/-/261-X2-716/X53","99"
"-/2/4-32721/5/128/26","93"
"XX5/XX537-X713/7","166"
"8/-/7-X5-81X5--/2/9","114"
"X9/5-X17X22512/-4","104"
"5/9--/522/4/7/XX5-","146"
"X9/51X5/7-9/XXX6-","177"
"6/3/532/XX-39/X8-","138"
"X6/1/3/5/9/3/8/X8/2","161"
"9/9-1/62X9/4/X9/81","153"
"2/9-9-8-3521X8/X9-","124"
"X-1-8-0728/4/X7/X7-","120"
"41634/3/451/364/9-X5-","115"
"9-8/3/23XXX7281X62","151"
"81X228/4/9/8-X-34/2","114"
"-/5/XXX728/815/X63","186"
"51155/XX5225X-/26","128"
"XXXX51-6311324-/4","141"
"15X52X4/7/135-43XX","114"
"9-8/45X63X4-XX44","128"
"X4/X61-/2/9/3/X5/7","165"
"719/7171XXX8/X9/4","173"
"XXXXX-/X-85/8/9","213"
"XX9/179/-381415/43","116"
"X9-X8-XXXX1/X82","195"
"X36X1/9/9-X6/X45","163"
"16X725/X-8XX7/7/8","163"
"2/7/6/453/318/5/X61","132"
"XX25XX6/173-XX9-","162"
"1872548-X9-6/7/6/8/5","129"
"2/X2/3/9-X9-3/726/7","152"
"41-/5-XX-04/3/7/X82","125"
"53XX3/X-1X4/9-9-","140"
"2/6/X2/X-89/5/X9-","165"
"3/X126/3/X3/7-6218","130"
"-/X1/5/9-7-3/16XX-X","148"
"2/8/5/-82/6/616/8/3/5","136"
"X81549-5/-58/-75/3/6","107"
"2/7/7/9-4/X9/XXX8-","198"
"X9-X5/21XXX1/72","160"
"X4/X51XX62X1/X28","174"
"9/1-17-/3/5-XXXXX","163"
"45-/3/5/-4X449/XX54","141"
"52X456/-/3/11XX9/9","139"
"-/6/XXXX-/XX3/5","214"
"X4/25X6/X-7X4--7","128"
"514/6-XXXXX-9X19","186"
"X9/X1/4-8-X4/X81","154"
"-4X-14/X455/9-4/53","115"
"X33X4/X1/519/5/X55","158"
"14X6-2/6/4/3/XX4/3","147"
"3/4/81X-/8-XX8/X73","175"
"X6/9-X712/9-1-X8-","129"
"X8/X25X7/X225/5/-","147"
"2/X186-5-25-/5/13X64","116"
"X7/5/9/8/X3/-5X7/6","163"
"XX7/2/7-6/9/27535-","136"
"4/7/814141X4/61X23","117"
"1/51X727/-/-761-19/3","97"
"X25XX5/361/2/X1/6","159"
"-9229/1/9/51X1/X8/6","140"
"X534/X534/XX1/X22","167"
"4-X9-X81XX9-2/3/1","141"
"423/X2/4136226/6/6/9","129"
"XXX6/81433/XX2-","166"
"XX8/8/179-XX-/X36","173"
"3/2/8/9-81X1/X6/6/5","158"
"153/X61727/1/72X63","124"
"443/2/3/9/6/14XXX28","156"
"415/314/6/1/71X2/9-","122"
"23X2/X31XXXXXX","203"
"4/X3/XXX4553XX8-","196"
"7/X9-7/XXX719-36","169"
"51X211/1845-1X4/2/5","99"
"433/131/X-/XX5/X27","166"
"X3/-/3/X272/3/-/22","130"
"6/726171XX81518/XX","143"
"-/X3/126/9-818/-813","113"
"3-2/X2262XXX81X35","153"
"9/62144-5/1/527-X31","91"
"X54X6-X6/XX45X27","161"
"-/6/XXX2/4/X5/8-","188"
"XX-65/216/4/X-/1-","123"
"3/5444X4518X9-XX61","140"
"6-9-8/9/36443/1/-/9-","113"
"X2/638-189-X-/4/-/4","129"
"X132/-/9/1241XX27","116"
"1/2/X81X7-X266/X37","150"
"25XX215/6/1/X41-/-","122"
"22XX1/129--0XXX51","139"
"XX9/2/XX3/6/X-2","174"
"1/X9/6/X-/3/9/X5/7","185"
"XX9/X81715-71X2/1","149"
"3/186-XXXX53X-3","153"
"1/2/52XX9/X8/XX45","186"
"81X716/9/X9-5/638/3","140"
"X1/X324/XXXX32","183"
"62-/X2/X9/6-41XX34","155"
"9-7/9-3/-24/8/X32XX","127"
"X24X724/-/XX3/18","143"
"3/7/9-137/62-01/8/13","106"
"36X3/XX81244131X5-","135"
"X424543X5/8/71-/2/1","124"
"-1549/5/X23XX5-8/-","120"
"XXX17-7X613/2/5/2","147"
"X21X9/8-X9-5/81X-X","137"
"X26X1/XX72X8-X62","165"
"X27X9/X1/4-425/XX","152"
"4/7/X81455/X8/XX73","181"
"9-4112819/XXX8171","140"
"6/X-79/3/X1/9/3111","135"
"2/8/X6-9/XX9-X11","151"
"27X-16/43534-X431/4","92"
"522/X9/348/318/8-1/-","120"
"XX4-6-X9-72X1/X16","142"
"7-12-/416/4318544/XX","108"
"1/129-X9--53/X435-","105"
"112/8-X7/7-X4/X5/8","150"
"7/X3/XXXXX9/4/4","227"
"XX332/XX24818-35","134"
"25-/637/3/3643XXX91","153"
"3/1/X62-1X7/XXX44","170"
"63XX9/9-X8/X9/6/5","177"
"X-38/251/X-19/X12","103"
"62512/XXX813/XX82","188"
"X6244X544-X5/XX55","151"
"3/XXX5/X145/XX4-","193"
"1724-/5/X2/XXX2/X","181"
"-68-X817/-8XX3/X72","142"
"9/X7/63XX4/61X34","156"
"8-1/-93-3/368/6/2654","97"
"X-9-72/7/5/X3/271/9","147"
"6/5/81619/9/33XXX41","156"
"XXX1/X3/5/X3/9-","194"
"3/-/6/X4-818/1/54X91","128"
"2/27XX81X619-8/63","135"
"4/225/1/-48/3-816315","81"
"184/727/7171X5/81X73","135"
"XX9/9-16X3/X25X37","168"
"XX816/-/X8/XX7-","177"
"-/XX3/5/X177/9/-4","157"
"X-4XX2/71-23/X-/X","147"
"4/9/36XXX8-5-429-","145"
"23714-41X8-8/-/X6/-","108"
"369/X2-X5/8-XX-/3","142"
"3/71X518/5272X9/21","113"
"9-X114/XXX7/-27/4","146"
"4/1853X4/8-XXX4/5","163"
"9-1/723/X7/71-5X6/8","143"
"62XX117-XX812/7/5","138"
"537/8-4/6/X9-XX5/-","153"
"1/25XXXX2/5/XX-X","196"
"X81X3/4/2/81-33543","119"
"61XX4/X7/8-63XX63","171"
"1/X72X5/X4526122/8","145"
"21-/X5/3/X8-9/X9-","150"
"XX1/1-1/53-/X-0X32","121"
"6/X163-2/9-2/6/7211","119"
"8-X72X3/5/1/XX6/X","168"
"6/XX6/3/121/8-6/31","136"
"368/X717/3554-92/44","116"
"41XXX318/2/X1/-/X","158"
"-2X-/X5/1/4/1/X9/5","153"
"7/8/-/12X5/X-262X73","124"
"5-8/9/1/7/1/113/5/-/-","111"
"X7/XX6-1/62X123/6","144"
"3/613/1/34X31118/X9-","113"
"2/5/-/629-X2/X8-X17","142"
"4-X63542-XXX9/X54","161"
"3/-3-28/12X-/8/X2/1","118"
"-4-5X81X9/726/9-3/-","121"
"71-/3/XXX5/2/XX62","192"
"115/9-X7/X5281-/6/6","135"
"12-1X8-3/243-155/-/8","85"
"1/X13X6/624121XX72","136"
"X3/-77/9/52-/3/54X24","131"
"2/X9-5/X-/7-XX33","157"
"4/X8/XXX32X2/-/-","173"
"X4/X1-6-X722/5272","117"
"543/X-/7/2/X9/X62","164"
"XXX7-43X-8XXX9-","192"
"8/51-/3/8/162/X7/8-","136"
"3/216/-/XX8/5224X54","140"
"7135XXX6/4581XX37","167"
"XX9-XX63523/43-/3","152"
"72325/36436/348/-/5/-","98"
"8/6154XX4/XX1/X46","177"
"1/X-/X-59/3/XX32","156"
"7-3/1/XX9-52617/71","134"
"2-3253X1/XXX1/7/7","160"
"3/61X-/6/21XXXX51","175"
"XX4135XX9-X-5-/7","146"
"6/X-23/XX2/-/4321","130"
"-/X6/432/7/1/8/XX12","161"
"4/5/8-54-/X-/34XXX","160"
"1/X4/7/45X9/6/9-81","153"
"XXX9/7/XX8/X36","212"
"419/XXX4/5171XX11","161"
"7/X7/8-X815/-/-/X8-","152"
"9-3/4/7-6272-73/XX73","138"
"17-1816144717--79-X8-","82"
"6-X4/X9-9/42XX4/1","149"
"X143/21X26-3XX3/-","117"
"6/2/62X21X-/X-/9-","140"
"X7--8XXXXX61X-2","184"
"3/8/81XX414/X9/8-","155"
"1/X5232XX4/9/-2X44","142"
"XX7/5/XX1/X9/3-","179"
"2/X-/175/3/XX9-X-5","164"
"-7XX9-52-/X7/2/54","147"
"5/61517/214/1381XXX","118"
"XX3-XXX3-X816-","142"
"8-436/X2/42X129/2/4","117"
"5172X142/X5/X1/72","141"
"2/2/8/XXX7/811862","171"
"X8/18273/7-5/36-43-","102"
"XX7-X9/-/1/9/45-1","135"
"7-12512-XX263/-65/1","93"
"35X4/X7/8/XX416/9","169"
"-/9-5/9-5-32XX8-X91","140"
"1/1516X2/5/7/1/-5XX","122"
"33X-/9--/512/X27X62","141"
"X6/X1/3-3232XX5-","131"
"X3/XXXX154-8-54","164"
"-/X5/XXX6/X-/1/2","199"
"175445XX-17-1771XX","101"
"6/226/9/7/X3/X13X-3","143"
"4/X4/63XXX276/44","167"
"423/359/X626/7/7/8/8","143"
"XX27X9/X71417281","139"
"XXX8/-/811/2-8-3/3","150"
"4-X411/1/5/X9/2/4/X","136"
"X352/41X2116XXX91","147"
"8/613-4/9/XXXXX72","201"
"4/9-X62X9-2/6/X8/1","149"
"242/XX-/5/-/34-8X15","135"
"728-X4/9/-65/1/9-X91","131"
"2/72542/54521/5354X-1","109"
"X7-XXX9-35428/X37","165"
"4/7/X81813/5/X81X81","156"
"9/3/X41X9-6/X1/X-X","161"
"4/7-14XXXX1/1/4/8","173"
"XX2/X8-X361/5/81","158"
"8/X53X9/X2/1/5/18","152"
"6/X168/6/8/XX8/72","172"
"241/XX7/345/335/3/8","143"
"X44X1-X-/X71X-/1","135"
"X7/XXXXX5/XX22","231"
"-87-4-9-8/XXX1/2/8","149"
"9/X1717X-/1/X134/3","136"
"X514/X312/9-3/X1/1","139"
"216-8--8X8/X715/71","116"
"4/61XX9/XX5-7/6/3","166"
"418-6/5/X32X27347-","110"
"72157/X8/X81X4/1/6","150"
"XX63X7/X5-X9/XX","174"
"XX-0X26XXX72X61","158"
"-4X3/XX7/6-X8/7/6","166"
"5/X3/612/X1/266-42","135"
"4/2/5/81542-X436/X32","124"
"622/17XX5/5/X9/1/3","151"
"X4/72XX1/62XXX15","178"
"9-X34X3/4/-2-/7/8/3","127"
"-45/-/7/811/3353X41","105"
"5/9-3/X7/X13XXX71","181"
"-42/724/6/175/XX6/4","145"
"-29-X7/12X5-5/X22","103"
"12X8/X4/X8/9-1/-/7","158"
"X7-4/6-25817/4443X73","111"
"X1/814/6/3381X9/3/3","137"
"7/7-5/227/3/21X5/X24","124"
"23X8-9/XX7/81XX7-","169"
"27XXX8/XX152/4/8","182"
"8/-7XX-41634X9/25","108"
"X8/4/XXX229-X35","159"
"9/XX33XX26427-X91","146"
"XX128/-/X3/27XX91","157"
"4/X9-9-3/612342-/2/7","120"
"X-/X11X9/XX7/51","162"
"16X8/X-/XX9/31X26","171"
"61X319-XX7/9/X9-","148"
"X2/4/8-X154/6/23X6-","131"
"X-454X5/3/27X6/2/X","133"
"5-4/9/X1/XX9-4/41","160"
"9-X513543X3/7/X-/5","138"
"-/3/3/6-X21XXX9/7","160"
"XX4/71-4534/9/X4/5","155"
"8-9/-/X-/8/X6-5/X71","156"
"522/35X4/X72X629/2","134"
"721232XX411/X4/4/8","133"
"9-729-3631X2781X8/9","116"
"4-9/1/X6/1/XX23X3-","141"
"X-4X7/-1X2/X6324","123"
"X726/7/2/XXX5/XX","192"
"8/5/XX1/4/-1X5/X71","159"
"62617/16X548/16324-","88"
"X541/3/X3/71XX51","153"
"453/5/6/44361/1/212/6","113"
"X9-X-78--/212/7/8-","118"
"X241/1/4/X8/1/3436","127"
"-/6/XX6352X2/2/X63","168"
"25XX-/XX8-224/25","144"
"36XX9/8/-/XXX7/6","199"
"-/X279/7/7-XXXX42","189"
"XX4/276/1/4/6--/8/7","147"
"X6-3-16X4/8-9-X52","111"
"41189/8-X2/3-XX51","123"
"5/XXX-/XX7/X42","199"
"23XX319/9-9/6/4/1-","116"
"X7/313/44X9-71X3/2","127"
"9--/7/X3/X2/4-33X24","146"
"1/5/4/43X9/6/45519/7","132"
"41X3/1/XX3/XX35","168"
"7/X2/9-9-XX7-9/-/8","156"
"23421/9-8/XXXXX73","196"
"X7/XX2-7/4118X44","130"
"1654446/5/1/5-X4/31","107"
"XX174/X4531262527","123"
"XX-/41-/X8-51X8/7","148"
"X-2X72X1/XXXX27","183"
"544/1/2-4-9-XX2-3/1","94"
"71X71729-2/XX116/8","125"
"3/4/X9/X3/9/9/8/-/6","176"
"9-X-/3-XX6-X129-","118"
"-2-/3312X-372X6/81","96"
"723/X61-01/XX4/X91","157"
"-74-718/X9-X6/2/5/-","124"
"X41X146/519/X5/9-","129"
"XX63618-3/X241--0","112"
"813/235-X327/4/9-45","102"
"XX3/5/XX2/2/X9/-","182"
"63434/4/1/X3/267/54","125"
"X8/X61278/3/3461X7-","130"
"4/352/7-81X2/XX1/9","154"
"214/X5/XX4-X9-X9-","152"
"54-2725441-15/361/X22","91"
"XXX5-247/7/7/X3/6","171"
"XX3/-/5/9/1/159/1/7","143"
"51636/2/2/6-XX7/2-","122"
"X1/-34-4/6/X1534X-6","118"
"215281-/8/X-/2/23XX","126"
"253/XX-3X5-7-3/9-","118"
"X1/528113XX9/X12","140"
"X4/14177/2/XX7-81","136"
"54X16X1462529--94/1","97"
"9/X4-7-X7/3/1/X5/6","145"
"X9-XX81X1/719-X-1","149"
"9-X34819-X457/36X26","119"
"81X1/XX7/53142672","141"
"X5/XXXXXXX9/X","259"
"X-/XX5/7/4-629-X9-","156"
"XX2143X1272X9/1/X","121"
"7/4/X6/XXXX8-9/5","203"
"-/5/351/XX365-X2/4","146"
"9-537/4/XX1/8-XX72","164"
"153424XX3534X63X36","122"
"1/2/447-XX2/3/51-/8","135"
"429/X2/XX4-61-/X81","154"
"8-5/XX4/2321X9-X28","140"
"XX6/XX9/-9XX81","190"
"XX8/9-XXX33X23","171"
"132/2/6/5/9/XX-3X2-","134"
"2/-4-/8/-/538/3-15X82","107"
"24XX8/41XX9-X61","154"
"2/1-6/9/3/2/X-/-/32","124"
"2/X11X4/XX7/9-41","154"
"2/1-XXX25XX3/4/6","161"
"1/17X8/X-/X9-3/54","151"
"X81X15X4/X4441X52","138"
"545/X61-/8-X5/1/X32","145"
"4562XXX22XXX8/6","181"
"8/1/2-X4/8-X4/12X7-","122"
"4-6/2-243-62X-/31X9-","91"
"1/X2-72X6/619/8/X82","144"
"5/63XX7-6/X727-8/1","142"
"71X7/X3/3/51XX71","155"
"7/9-9/X9-3663X3/81","141"
"X9/16X1/34XX444/1","139"
"1/6-X8-42X-/1/XX8-","151"
"9/4/5/35X42XXX3/6","161"
"61XX71-/6/XXX32","169"
"3/324/X5-2/364-3571","100"
"1/X7/4/XXXX-025","171"
"XX71-/5/X6-333/-/4","140"
"XX6/X4/363/21XX91","172"
"5/339/7/61-4-94/X27","120"
"5/X9/4/8/8-53X1/6-","148"
"-67-8/4-4/XX5/X5/X","156"
"3/9-X6/6/X155/14X91","142"
"-9X7-22X2131XX44","107"
"41-4X34X9/9-9-2/9/4","123"
"63-/23X81XX3/5232","124"
"2/XXXXX1/X52X-5","210"
"72X61218/728/9/7/-/3","121"
"4/31X7-818/XXX27","150"
"X7/1/X51XX-3XX8-","155"
"-78-X6/X81-16/818-","119"
"3/X5/5/53XX538-2/4","151"
"9-XXX9-6/X5/9-5/6","180"
"XXX2/537/9-XX-5","163"
"63XX9-8-9/XX1-XX","147"
"-/541/X239-6-71X-/5","122"
"X5/1/X9/X6/457/X36","173"
"-/4/X6/2/X13X549/8","150"
"6/44X3-XX3/1/X52","136"
"9/4-X181/9-7-611/51","109"
"1/X3/X-/53-74/1/8/1","150"
"264/9-8/-15/X6/X52","131"
"81X6371-4X61X6/X8-","131"
"9-X1/1/9/X1-XXXX","171"
"X8/X-6XX6/XX31","169"
"542/X4/X2/X8/XXX","199"
"81X6/X45247-X9/51","131"
"316/9/XX5/X-/622-","154"
"X5/X4/8-X6/1/X1/9","176"
"XX-9XX7/XX-651","163"
"-6X6/-0X439-XX36","120"
"513/61XXXX1/7/21","162"
"1/7-7-81X61-/631/72","115"
"5331XX24-/31XXX5-","143"
"X15-58-2/-/4/612/71","107"
"422/X23-/X-0X-/8/5","129"
"X72227-3/XX727/15","131"
"9/X11XXXX-/2/3/5","174"
"X184/-/115/8-63634/6","111"
"X81X271/6-7/X2115","120"
"434/X-01/9/9/-49/16","107"
"6/8/442-6/-/9-X728/8","126"
"128-3-1/615141X4/14","84"
"5/XX113/532/X7/X81","157"
"6/3/8/5141715-257-X6-","100"
"9/9/8-3/X9-X-/X4/-","163"
"811/9/1-XX-/XX6/2","158"
"X1/5/XX5471XX63","170"
"XXX-79-X9/1/X17","160"
"X3/5/9/-62/-0XXX82","158"
"-57/-0XX9/X5-9-1/-","123"
"6/5/X249-X9-X7135","128"
"36-52-5215X-5449--9","75"
"7/X9/17X317-9/4/X63","137"
"X1-8-X-8X6/124/2/X","112"
"X6/359-8-XX7/XX-9","164"
"X3/X5/9-X11X9-X64","150"
"XX-831XXX1/5/8/6","170"
"X-13/42358/-833XX16","102"
"6/XX24XXX2/X7/5","191"
"X9-X4/5/4/6/6/1/9-","148"
"8/X7-X9/X81X24-7","141"
"X-62/X227-9/X2321","110"
"8-5-9/-/229/549-8-XX","100"
"X4/8-7-X-7X7/2/X64","149"
"5/XX1/XXX1/36X14","189"
"514/1/9-X8/-/6-24X91","123"
"X81X17XXX4/3/54","165"
"X3-XX5/8136X5/81","144"
"7/X36X514/225/XX5-","146"
"X6-6/XX63X-59/5/-","141"
"X124/8/X4-8-X337-","109"
"X5/63XX3/5/11XX91","165"
"-/5/9-5-3/X1/1/6/X2-","147"
"7/-48/X4/3-X4/9/-/3","132"
"-8X3/3/X22XX7/1/-","147"
"8/X547/XX5-X1/X44","171"
"XX2-2/XX81-/9--/8","158"
"X6372XX33725/XX81","158"
"XX7/277-61X-9XX-5","145"
"1/X7-XX2/819/9-9/2","153"
"4/6/5/7/81X3/273/15","133"
"X9-32X-9XX22X8/9","140"
"35X81X-/XXX-/2/6","174"
"9-72XX2581-/7/-0X46","120"
"6/9-22259/XX811-X-9","135"
"2/2/5/8/6-X54XX4/2","151"
"X22438-X3/9-36-92/X","119"
"8/6/531/3/727/8/428/X","136"
"9/452/9-8/-/X624/X62","145"
"X729-814/8/9/X17X72","148"
"7/-23/812/817235X4/7","120"
"X3/XXX17X61X9-","169"
"434/2/-/9/XXX8-7/3","165"
"7/8/X44X818-X629/9","145"
"4/XXXX5/X9-X-5","193"
"812/9-2-9/2/X6171-9","112"
"-/-8X81XX9/X5/5/9","169"
"7/5-3/42-5-/71-032X8-","93"
"1/8/-88/6/9-1/XX31","141"
"279-6-2/4/718-X5/X41","126"
"624/6/XX9-X24X72","151"
"X6/XX7/6-X346/24","151"
"14X4/XXX3/4/7111","159"
"X5/7/2/6/X8-26817-","135"
"259/9-817/X166/X81","136"
"176/X8/9/7/X3/5/5-","159"
"5/61XX8/XX2/-7X8-","168"
"3/6/3/5/8/XXX71-3","168"
"51XXX329-X-7X-8","138"
"-/72-/-/XXXX7/X25","200"
"XX1/-7248115XXX16","147"
"XXXXXX61439/X-9","216"
"X2/4-256/1/7-2/X72","128"
"X6/XX8/8-X726/X72","181"
"3362XX4/1/XX9/1-","150"
"8/813171-/-/X4/X3/6","145"
"XX3/X6/X1/9/X7/-","192"
"X817-X2/5462XXX16","155"
"3/X25637/634/12X4/7","129"
"XX-0-79-1472327/7-","89"
"X2/9-X36X81X712/6","146"
"X9/7/X8/5/8/XX9-","187"
"XX4/9-9-616/8/6/31","139"
"X517-53X5/X7/7/3/9","146"
"9/9/XX3/X-/6/9--/3","179"
"9-X3/27X411/9-7--4","109"
"2/X1/2/5/XX6/X81","181"
"X352/7-XX8/7/5/X73","170"
"2/1/9/X-/XX8/XX-5","193"
"3/7/XX63XXXX-/X","211"
"81-53/2/X2/-2X8/5-","118"
"5/X8/-/X4381X426/-","135"
"7-X3/717-1/XX-233","119"
"7/8-321/-72/2/-/3/1/-","104"
"XXX6/9/8-X-/4/3/2","180"
"XX7/XX7/-/1/127/9","168"
"XXX5/8/XX6-158-","175"
"X6/X52-/522/7/11X9-","135"
"5/X9-2/X4/X7/7/9-","173"
"-1-7X8/XX5/X5-7/8","151"
"X2/514/-36-9-9/3/-9","101"
"9/X148/5/5/81X6-54","128"
"XXX9-2516-/9/1/-1","142"
"X214/35XX9-4/6133","123"
"9/X9/27-/4/8/X-/5-","153"
"X2/-72/X724/-/8/61","136"
"729/X8/43XX6/X-/3","169"
"X8/312/33146/X9-8/9","128"
"7/2/1/62X9-451/XX91","153"
"215/166-X7/72X5-31","97"
"X16X2/7/1/-78-X2/4","131"
"32-/XX256-XX-/81","144"
"4/8/1-X72216/41X3/X","120"
"6/36X516/4/71X9/-/1","124"
"8/6181XX13X-/7/9-","136"
"4/2-9/637/7/9-2-319-","99"
"723422-9XXX119-16","110"
"5/1/18X1/53X512/8-","122"
"9-5/9/423-5/XXXX5-","171"
"3/-47/6/7/4/7/4341X51","120"
"44X8/3/14X8/X451/9","144"
"XXXXX36XX8/8/6","223"
"X3/X9-XX9/513/8-","164"
"-/-972X3/X8-X17X91","140"
"265/-5X22-5X6/8/6/9","119"
"4/81355315X2/4/1/6/7","127"
"5/1-X-/XX-91/4/9-","142"
"X717/3/X5/342/-26/1","122"
"X-67/X3/9/9/X-/33","159"
"2/-84/X51X7/21X14","115"
"1/X1/XXX2-X4-2/4","158"
"7/1/X4/X6/X-0523/9","147"
"9/X3/X4--/4-4-278/9","128"
"9/7/21XXXXXX7/7","216"
"9-XX9/44244/713-X81","133"
"XX9-145/-/2/18XX27","145"
"X51633-XX-/X546/5","137"
"X-1XXXX8/X8171","176"
"8/X7-8/1/8-5121XX-5","125"
"XXXX3/X6/X2/1/4","208"
"144/XXX5/5/6/9/2/1","173"
"X6/4/XXXX53X5/-","195"
"X5/XX9/4-5/33X1/2","158"
"7/X9-8-9/XX1/1/8/9","165"
"6/8/X6/6/2-6231XX-1","131"
"5/2/XX9/-0X9/9-X9-","158"
"81XX9/X71XX366/-","165"
"9-7/X716/-3X3/X52","132"
"9-X8/1/XX9-X5/X6-","173"
"3/4/819/X9-71253/5/4","133"
"234/3-X6272X3/1/9/3","119"
"X9-3-616/7/X2/6/61","134"
"8-61239/-3XX8/626-","111"
"X6/X42-51/4/457/X73","144"
"XXX2/-/6/X3-XX31","171"
"631/XX4361-27/81X64","133"
"34X3-6/X246/2/524/3","112"
"3/179-XXX712/X1/5","166"
"X1-XX4/X44XXX81","179"
"X3/XX1/4/81-44/7/6","159"
"X117/X715-61X-24/-","96"
"417/1/9-X1114XX36","114"
"X262/3-X1/2-1/1/36","109"
"3/9-7/XXX6/X1/43","185"
"1/3/X9/349-6/6/X2/5","153"
"279/8/-/9-2/6-6/-9X9-","125"
"8/9--/3181X-/XX32","137"
"1/X6/9-26-/X27X35","150"
"9/1/XX4/431/4-XX82","162"
"3-X6135-06/8/31XX51","111"
"XX2/6/72XXX3132","160"
"1/-/9-9/6/8117X9-8/6","133"
"X5/9-9/18X2-XX63","136"
"51X81X5/5-61429/-9","106"
"4/-/624-2/5/7/71-935","112"
"-/549/X9-XX8-XX21","161"
"4/X2/X2481345/6/35","135"
"345/34XX6/X4/X3/-","163"
"5-6/-/X5/XXX2153","151"
"159-5/8-X62275/X-/4","130"
"5/X-31372X1/23XX4-","124"
"-/X8/6/44X8/4/X-/3","165"
"178/43X4/X43XXXX","173"
"7/X71XXX2733X4/8","170"
"XX81X-1X2/2/8/XX","158"
"8/5-XX6/41X1-71X9-","124"
"X4/51XX8/9/4/9/1/1","163"
"X4/X7/-36/1/6/XX-2","152"
"XX9-X-/XX81-21/8","173"
"X22457-8/45X7/X8/9","136"
"3/9/4/8--36/XX71X82","155"
"-8XX44X8/X3/2/21","145"
"4/41X2/3-9-4/814/7/9","127"
"X2/6/9-63X22819-8/X","129"
"X4/9/X-24/-/X3/X37","163"
"5471-/44-8X1/X452/5","130"
"8/6/2/62XX1/21X9/8","146"
"X7/457/326/817/X4/9","147"
"1/6/5/547/16XX43-/7","138"
"814362-/6/9/9-X258-","119"
"13X-2XX23X6/9-71","116"
"8/7/43243/3/X61X1/-","131"
"61X2/4/16XXX2/X-X","171"
"X4/152-X23X212/X62","113"
"9/X4/2/9/X2/12XX2-","159"
"7/X444/3/6/6/727/XX","157"
"XXX2/3/XXX8/9/1","213"
"4/7/72XX9/X7-18X9-","164"
"9-8-8-X3/XX5-111/1","123"
"9/3/X7/-/81XX1/4/2","157"
"X6/9/X23X457/9/X9-","165"
"4/9-35-/8/XX1/5/2/6","158"
"81816/53-/-/18XX-/-","121"
"6/2/X62X3/618/X22","139"
"X5254X6/6145X819/X","133"
"X5/X6/-842-/4/9-1/9","145"
"9-X5-316/9/1/XXX5-","153"
"357/541/X6/9-5/72X-X","146"
"5/XX3/527-XX235/6","150"
"9/14X5/8/21615/XX16","134"
"5/XX8/6/173/62X8-","153"
"5/X36X-/9/X9-X7/X","175"
"XX5--/1/6/XX-6X41","149"
"XX9/5/X7-1/61X9-","159"
"8-7-186/X717/8/9-X31","130"
"1/9-XX8-1/528-X-/6","148"
"2/7/1/X6/9/2/5/43X9-","154"
"42X-/X-88/9/X71X63","156"
"1/X1/XX3/9-X9-X--","169"
"619/7/XX266-X167/2","134"
"62X9-9-X3/X814-X91","137"
"X449-2/XXX2/213-","145"
"X1245239--45-X5434","83"
"X7/XX81X51-/4/-/9","161"
"X7/X3/-/27-1719/X19","140"
"14348-XX6/X459/8/X","152"
"-/X6-5/2/62X2/52-/6","136"
"817/X2-XX-/XX6/5","164"
"XX2/XX317/2-2/-/9","146"
"8-X9-7/3/X-91245X-7","126"
"728/2/819/7-26XX-/7","137"
"72-/X1/XX43XX8/3","178"
"X9-2/3/XX8-8-XX61","166"
"5/9/1/7/4/4/XX6272","156"
"X4-6/5/71138/71X7-","111"
"1/456-XX152/4/X63","134"
"XXX6/363/538/XX28","183"
"9/XX7-X6/9-9/71X21","157"
"X5/414/XX9/6/X4-","162"
"X8/X1/419-XXX6/1","175"
"71XX8/X631/XX9/8","191"
"5/X4/6/X4363XXX4-","177"
"X3615-/X1/22XX1-","123"
"6/42-18-9/XX8/184/8","135"
"XXXXXX1/3/9/9/X","232"
"316-XX2/-35-22X9/5","109"
"XXX7-6-3/6/XX6/4","183"
"X428154276-137-8-27","83"
"81X319/9--69/X1/3/4","128"
"81XXX9/X81317-8/4","161"
"X173/X1/13XX8/1-","141"
"721/3/X-9X1/XXXX","190"
"2/635/2/X6-6/5/9/4/7","144"
"X4/X9-X63-/229-3/7","138"
"XX3/9-9-81455/XX23","155"
"217-13X21-/1/X4/2/7","110"
"5/4/XX4-2663XX6/X","159"
"3/X7-X1/35X12-1X-X","122"
"7/1-XXX-/7/3-X9/X","155"
"5/4/278/7-XX42X8/8","143"
"XX524/1-61X4/X9/4","142"
"319-4/8/X7/X9/X-9","159"
"9/5/X52X1/3/8/XX9-","178"
"5/XX8-XXXX5/9-","207"
"52X9-5/XXX2-5/42","141"
"7-9/7-XX5427XX-6","135"
"449-54273/9/9/XX2/X","155"
"454-4/9/X24628/XX82","150"
"9/4/8/X53X616/2/17","133"
"9/61621/8/1/X1/1/X63","150"
"X6/9-7/8-4/X4/X5-","154"
"-/X9/XXX9/XXX73","236"
"X3/X9/XX8/3451X4-","168"
"-/7/425/1353XXX5/7","152"
"23XX7/72X1/312/8/X","153"
"449/2/6/XX279-3-6/2","130"
"9/2/3/9-61XX4/XX28","166"
"XXXX54X521/8-81","172"
"8-1/X9/9/9-2/8/7/9/3","162"
"9/164/2/-97-3/8-X4/-","112"
"3/-/X811/3513727241","106"
"625/9/7-X5-6/XX2-","127"
"417-X6/9/X8-267/-0","115"
"81X-/52X63144/-/X63","133"
"4-X439/6/8/711-X-/2","120"
"XX5/7/XX45XXX8-","210"
"X3/43X5/512/7/X9/X","159"
"2733276/2-8/9-2/341/9","105"
"9-XX13X-/X5/258/7","144"
"816243613/4/7/XX-/X","142"
"X81536/-02/36X211/3","97"
"42XX3/X7/-9XX8/3","169"
"71332/236/1/8/5-X2/4","114"
"8/81X312/X7/8/41X9-","141"
"548/X543/5/-18/3/1/8","125"
"72X7/XX72XXX61","184"
"4/9/XX-87/5-4/9/-5","139"
"9/6/3/6/X12XX5/X8-","164"
"81XXX638/XX61X62","181"
"7-8/8/62X2/X7/8/1/5","153"
"7/X8/5/434/X214443","127"
"81239-72X2/1/543/X61","124"
"-77/XXX9-4/8/1-X44","162"
"5/4/X-4-0XX-29/X-1","117"
"XX35723/34XX2/5/7","152"
"7/34X8/-/3531632/61","107"
"X266/7-XX7/9/X45","164"
"549-22X419/X3/4/X71","134"
"2/X6-4/2/X814/XX24","160"
"628--/7-3/-0723/4345","89"
"XXXXX8/X2/-19/1","200"
"717/-/1/XX6/3/X62","154"
"X9/16X3/1/X9-XX7-","161"
"712/1/X9/1/3-536/X22","128"
"XX6-X8-X8-5226X44","133"
"72712/819/X-7X5/9-","136"
"XX4144X31X3/X7/1","141"
"XX3/5/8/X27X5/-/6","170"
"XX5/X9-12XX3/71","164"
"4-81256/35XX9/-/9/7","136"
"2/532/XXX5/8/X-7","180"
"517172X-88/X18X53","123"
"25X9-4/1-XX9-X25","128"
"8/X8/7/X6/XX7/41","183"
"X7/7/6/X8/XX9-X8-","188"
"311/-/2/319/XX9/X61","149"
"XX3/615/XXX1/9/8","194"
"8-26X7/X5/319-81X91","131"
"X3-X5/451/XXX-/2","161"
"X2732253/-1X5/X3/1","122"
"X5/XX9-5/638/X54","170"
"X71515/X1/545/1/9-","135"
"-95/5/XXX8--/1/35","160"
"7163X4/179/9-5-7/72","115"
"X1/-/2/X7/X3/2/9-","162"
"9-3/X2-3/5-815/-/4/5","111"
"X71-/3/X9/71X-/X71","162"
"51355/24X9-2/44X3/5","117"
"X63359/X15XXX9-","165"
"125/512/9/X3/9/-/9-","140"
"-/14814/42X3112X1/3","99"
"X7/6/X34XX35X36","157"
"45-67/3/X2/226/XX12","138"
"5/X6/-/X22-32/18X24","127"
"312/X8-7/5/8/X4223","130"
"8/XXX1/54X4/5/61","173"
"628-X3/7/X63-/4/5/X","150"
"X8/7-X36-12/16514-","101"
"9-4/1/2/43XX-/5/X18","147"
"61X8/XX2/X-/1415","151"
"X138/8/6/-/9-2/8/5/5","138"
"6-127/7/2/-25-X4/4/1","100"
"-/7/X9/X18X41X6/X","165"
"5/437-XX9-9-X-24/5","123"
"275/X-/2/XX6/6/-/-","163"
"5/6/X63X21XX1/X91","161"
"X-/4/4142X3/116/X-4","126"
"-/2/9-X14XXX4/2/4","160"
"32519/1/9-43X44XX2-","117"
"3/-19-721/6/9/324363","98"
"34XXXX2/63XX72","189"
"1/X9-9-8134XXX4/1","158"
"2/355262X5/9-4/X4/6","140"
"1/X8/X3/-26142X7-","129"
"X9-XX8/X1/22X2/X","172"
"-79/2/-/5/3/8-X4-54","110"
"-/8/-/XX9-X632/52","155"
"9/XX8/41X3/X6/71","172"
"X7/532/XX9-X9-3/X","168"
"3/8/-14/5/X2/727/-/9","139"
"1-XX3/9-X-642XX26","140"
"-6-/X3/3/6/3-X1772","126"
"2/X5435X2/X9/8-X27","161"
"8-5472X7/2/9--0243-","95"
"X-87/6/6/XX63X5/1","163"
"-97/-/6/X6/4/XXX34","179"
"XX9-XXX5/63-/71","182"
"9-719-1/5-XX13X16","109"
"2/-/8145X4/X8-415-","122"
"X81X8/81XXXXX37","208"
"6118-/X4/2/XX2/X55","170"
"9-X1/1/4-1/9-X1363","113"
"XXX9/3-4/9/9/X34","177"
"1/81X62X251/2681X9-","125"
"72X7/61X5/81XXX36","171"
"6/7/5-357/9/639--/X72","137"
"X-/XX1/54XX81X-4","175"
"619/36-56/4/2-5/2/17","93"
"4/9-3-52X8/5/-/3/X19","136"
"XX6/6/-/X9/X-/54","176"
"-/-6-/X2/54244/-1X9-","116"
"5444815-7/XXX2-6/9","136"
"9/XX24XXXX-0-0","154"
"5433-/XX7/XX722/3","170"
"4/1/X-1X61XX214/1","116"
"4/2/349/5/X5/X8/3/3","153"
"5/3/2/-/4/X515/1/3/2","127"
"1/5/X4/812/6/253644","134"
"23XXXX247/9/9-X42","172"
"71X8/X1/X1/633/-/1","154"
"-95/X9/9/72447-XX44","151"
"11X2-4/2453X1271-/8","84"
"XXX5261-27/2/9-2/X","148"
"8/42X9-449/8/-/4212","107"
"X-28-4/4/X3/X3/X31","150"
"6272-/X9/XXXXX81","214"
"X61X4/-/-/XX812/9","159"
"9-6/21X6/X9-71XX72","146"
"35XXX1/XXXXX-2","221"
"XX-5-6X-0X4-X22","92"
"XX-14-8/5/X9/5/13","121"
"X2/XX2-XXX8/X8-","192"
"7/71-09-2/5/81X1/33","115"
"51X9-X1/X545/8/53","143"
"4/7/61-5125-X547/-3","94"
"637-X2-7/1/-7X5/XX","118"
"X61355-2-X631/XX82","135"
"3-X-49/-/21X2/416/2","97"
"6/-/XX36XX513/X35","166"
"12X6/9/9-2/X4/5417","142"
"X9-3/8/XX9/4-4/X-7","170"
"-4XXX9-9/2/218/6-","140"
"X6/XXX5-139/X1/3","172"
"XXXXX81XX344/3","206"
"7/XX4/8/3/9/4/4-3/9","165"
"X35XX815/272/9/52","144"
"24XX62X-/X153-61","130"
"9/X815/-56/8/X7/5/4","150"
"X7/72455/X2/1/X1/X","166"
"8-9-713/-16-XX4/8-","112"
"2/9-XXXXXX6/-1","205"
"8/-77/X81XX3/8/61","149"
"5/XX5/2/541/43XX25","161"
"9/8-8/6/7/353/439/8/2","131"
"34X1261X7/9-X-/9/6","133"
"-6X45X11-96/427/X81","116"
"2/353/X2/14X9/3/XX","150"
"544/8/819/X3381X14","125"
"4-535/XX9/5/X817/2","156"
"54X-5X531/5/X412/2","122"
"X5/X44-23/3/9/X7/3","153"
"2/X2/-65/9/4/X-18/3","134"
"9-X6/X7/1353X4/X24","148"
"63XX9-X4/X229-81","142"
"X452/9/5-6172-33/X3-","119"
"52-55/X224-X5/1-X82","106"
"6/XX81XX5/9-X1/5","184"
"8/1-53X4/9-415/32X55","111"
"X17X1671XXXX7/9","184"
"9-172/8-45333/9-XX62","130"
"X7-X17X61XXX8/X","172"
"XX7/9-1/6/164471X8-","143"
"X623-X512/X3/4-9/9","128"
"1/4/-99/9/7/XXX54","172"
"X33X542145X1/-311","97"
"537/X331/9/-82/X44","133"
"-2-/X44322/713/8/5/9","130"
"XX6/8/X25612344XX","148"
"-98--/X5/9/242-8/X15","132"
"33X9-XXX-/X2/-/8","172"
"5-9-45X2441XX2/9/2","123"
"X9/51-77/34XX128-","113"
"XXX-1X5172XX11","128"
"9-41X4-511-512/X4/7","102"
"25X-/X3-XXX7/4/5","169"
"X333/1631629/629/X4-","110"
"8/7/4-9-5/XXX9-X64","171"
"26169-9/8-31X3/XX21","129"
"X1/3/72X5/2/7/616/7","148"
"6/5/4/8/9-X4/X-33/9","150"
"412/9/-8344/XXXX31","166"
"8-8/51XX43726/9-16","121"
"X1452X621/9/34531/7","117"
"XXX2/-/XXX6-7/X","200"
"XX336/7/5/4/238172","126"
"X6/33X1-6/542/X3/2","127"
"3-X813/21X5-62631/6","99"
"XX8-5/9/X8/X8/9/9","191"
"X-/9/-/XXX4-8-X82","169"
"6/133/2-4/2/X-/X9/5","136"
"323/8/9-7272XX72X91","144"
"516/722/XXX1/XX24","181"
"X3/9-171/4/XX1/1/2","154"
"XX-/1/X8/5-5-36X19","145"
"6/XX54-/X81X2/36","163"
"9/-23/819/5/XXX5/X","169"
"8/X9-9/X5/8/455-61","141"
"6-22132/1/X437/XX71","134"
"8/4/XX5/6/61629-8-","143"
"3/X6/X51X232/8-6/X","148"
"X549-3/3-2/6-X8-8-","109"
"X-9-74-X42X9/XXX","151"
"1/7/X2/4/XXX615-","176"
"32X7/X1/9-X-2X7/6","143"
"X81XX7/X621-7/72","148"
"6-8-2/X9/-12--7812/2","95"
"X2/X4/1/12X8-9/6/8","145"
"7/X5-43XX-17/5/7-","118"
"8--/XX23714/3/X4/9","150"
"9/X71X618/X3/4522","137"
"237/4/357/7-X8/347/X","124"
"1/X-86/9-1/-/XX8/9","171"
"52X8-X5/XX3/XX27","177"
"358--71/7/XX3-176-","113"
"12-77-9-XXX2/-72/-","125"
"243/X5/7-3/X63X-7","142"
"3/4513725-XXX9-21","131"
"X62-2X544/6-X3671","114"
"5-XX21X8/2/X245/9","136"
"X8-329/9/XXXX4/2","186"
"9/1/-/7-16X8/7/-154","109"
"4/1/2/135/X7/X71X6-","140"
"X8/X3/XX7/X-/-9","186"
"8-XX2/XXXX1/X--","201"
"4/8/XX4/-7XX-/XX","179"
"9-7/5/X819-72XX18","139"
"6-X259/XX5/XXX64","191"
"9/X7/71X4/X3/5-X9-","164"
"5/269/5/9/63X729/1/5","133"
"-68-5/17X18813/9-72","107"
"XX3/15X2/X7/1/X33","167"
"XX7/X63X524/546-","149"
"81XXXX443/-/815-","161"
"X4-5-X9/9/6/8-814/2","125"
"3/244/X3/XX-/6/X91","174"
"31X35XX4/7-539/6/1","133"
"-/7/6-7-4/X9/X53X52","149"
"7--/3/63XX438/3/9-","134"
"X45-3X4/9-XX1/X7-","157"
"8-9-X7/511/X718/8/X","142"
"X2/X6/4/4/XX7/X81","194"
"X9/1/726/5/X32X8-","138"
"X1/X1/2/72X618/X-4","156"
"2/9-63XX3/6/X7161","149"
"2/4/343/-5-15-X3-X71","89"
"XX3/XX8/XX9/63","205"
"4/XX6/X9-7236X17","158"
"4/-/9--/9-8/X9/54X9-","149"
"6--/X2/XX34627/7-","145"
"X9/XXX41XXX9/7","210"
"5/9/XX618/8-X72X36","162"
"63-/6/9/XX632325X16","147"
"X7-8162622/-/1/1/X46","121"
"35X7/X9/9-51X7/5/7","154"
"347243X-933X1/5125","105"
"XX3/X4/351/X7/5/X","179"
"XX717--1X-/XX53","152"
"8/14X1/XX6-6-3/51","131"
"4/5/6213X9-4/X8/X36","150"
"X1/3/X5/X9-3/4/X55","175"
"8/XX-371-7XXX6/-","157"
"XX-/X7-4/8-157-5-","128"
"X635/9-9/2/XXX45","170"
"9/XX7/-/9/2/3134X7-","149"
"XX1/-/5/X5352X32","139"
"X3/XXX9/9-3/53X91","190"
"5/3/228/XX41X1416","120"
"-/X52X7/7/9/7/34X31","151"
"8/1/4-18XX1463X6/9","127"
"9-X541/8/-/7/X8/32","140"
"6/2/XX815/X7/33-2","149"
"4/X9/X9/6/X3/218/X","171"
"X5/XX81X-/6271-/8","166"
"X1/7/7/8/6--13/X2/7","152"
"XX2/XXXX5-X2/9","206"
"9/X81X6/X62XX81","170"
"X25X3245XX9-6-62","124"
"1/239/X1/9/9/X9-71","151"
"9/61X3/XX-/2/1/3/7","156"
"8-715/811/XXXX5/9","187"
"81-/X42-/X-/X6/3/2","156"
"X2/XXX45816/XX81","198"
"XX244/X34X34X26","138"
"1/71517/X-9-/9-XX18","147"
"XX8/X7/X1/X7/7-","192"
"X81X1/X7/6/16X6-","144"
"61-58/XX358/-/5/41","125"
"X2/X4/9-X4-54X32","135"
"7--/4/-/X3/439/3-X43","125"
"5-218/X9-4/6/X127/7","125"
"11X7/17X6/4/71X-0","110"
"3-454/4/2/8-X44-/-/-","110"
"1/9-27XX2/1/13133/1","120"
"25X7/5/4234239/5272","105"
"7/2/X8/5/72XXXX43","194"
"6/X4-XX7/X3/-/9-","163"
"72237--8X9-4/XX1-","110"
"X-35/71XX9/12259-","120"
"X8/7/9-8/8/5/-32/9/8","148"
"X1/7-2/X35X516/X11","144"
"7-X621/8/X5/X9/81","158"
"X-/XX235/144/1/52","131"
"X8-3/6/2/3351X62X11","117"
"X7/3/X5/X8/21819-","146"
"X53X-/XX126/-7X25","137"
"4/7/3152XX7223546-","116"
"3663-/X8/X129-2454","118"
"X7-71X2/5172X1827","119"
"XXX-/54X326/9-9-","151"
"44435/628/42X36X12","103"
"1/-/3/-/4/-/5/X9/1/5","138"
"8-62XX21-/1/X5/9/9","143"
"359/XX51XX615/81","152"
"2/9/X8/X8-3/1/3/44","151"
"7-X61XX34X44XX53","147"
"2/X9/X61726--/1744","126"
"2/X1-2/9/XXXX52","180"
"X-8XX3243XX262-","126"
"71-/-/X613-X-/24X44","121"
"3/-/XXX8/548/XX35","193"
"XXX9-XXX9/7/9/6","218"
"622/-31-721/XXXX32","149"
"6/52314471628/8-8/8/6","110"
"X346/5/XX529/229/2","136"
"XXX2/6-XXX5/-/8","197"
"X9-XX2/718/12528/9","135"
"33XXX-/XXXX34","203"
"7/X-/9/X6/X24-713","152"
"-/-71/25417/7/349-X55","107"
"7/X9/9-X2/1/2/4/X72","164"
"XX4/3/7/XX17615/X","168"
"35X81-871X7--34344","94"
"X4/2/3/9-X3/-9X6/3","145"
"X81247/4/5/X4/X1/9","162"
"X2/619/8--1531/-/6/8","122"
"X52X-52/6/X9/-/9/7","146"
"-/7144X7/5/5/-2-/4-","113"
"17537-X-/7/5/X5/X-8","153"
"1/2/X6/72X4/2/X3/6","166"
"436/3/4/9-XX24X1/7","143"
"513-X525/X72X71X9-","126"
"447/XX2/XXXXX82","228"
"16XXX6/X-/7-X22","165"
"X1/-/XX72153/X27","159"
"63315-4/2/8/6/X2-42","104"
"XX-99/217/52X9-27","122"
"3/5/4-X9/XX72X5/6","164"
"5-XX24-/8143XX6/8","147"
"9-X1/-0X-7637/2-1/4","100"
"X9/X-/4-121/2/X8-","139"
"816/XX4313X1/4/X-9","154"
"X1/36-98/2/X6321X2-","126"
"XX6-X6/X7/XX-/9","187"
"-24/2/XX18X9-X7/5","146"
"5381515/X61-/XX7/8","152"
"54455/X1/5/329/-6XX","127"
"X-6XX1/4463X-0X34","121"
"X-91/9/XX-/XXX32","195"
"439/9/8/X4-X-/43X15","139"
"X72X2-8-4/5-XX8/5","133"
"XXX24-/X25X8/X12","171"
"XXXX2/72-6X534-","164"
"9-XX4-11XX71XXX","156"
"-/811/X54317-XX6/7","149"
"5/7/3/XXX9-X-29/7","168"
"4162XX81X6/4/XX35","164"
"X1/1/X5/18X7/8-X-2","149"
"XX-2-6X713/9-X35","120"
"3/XX411/5/4/XX5/3","171"
"25X819/9/1/7-X7224","123"
"11-/-9X9/XXXX7/X","188"
"9-8/33X15531/8/XX91","145"
"XX9/-/X1/8-9-5233","147"
"44XX7/354/-4X9-61","125"
"4/-/814-1/X2/815/X18","147"
"X5/17275/17X-/XX37","150"
"3/63X33X-963819/XX","133"
"X2/X9-2/6/X5-X25","148"
"9-4-3522XX1/-/X-6","118"
"7/12X4/51X8/7/4/25","125"
"9/44-4X819/9/X8/9/5","147"
"-/8/8/432/238/36XX6-","138"
"X8/XX53X7-9/149-","140"
"634/432/X3/X5/-/-/4","144"
"X-/X7-X-/3/X7-7/6","157"
"4/X4/X135/-/6-X3/8","148"
"XXXX2/XXX5381","212"
"8-XXX14-/44XXX8-","177"
"1/2/5-8/XXXXX6/X","208"
"4/42X8-XX8/X9/X52","171"
"5/X3/X-/X17XX5/8","189"
"9-X62XX7/3/621654","135"
"41XX5211-/X6/54X5-","135"
"XXXXXX53716/6-","201"
"36333/5/5232X1-9-X34","95"
"6-X21-42/-68/63-6-3","76"
"3-2/X7/5/X1/9-6/X35","164"
"1-9/X9/-29-6/-22281","87"
"9/XX9/XXXX-/2-","203"
"X257/XX7/X7/X7/4","185"
"723-X-39-X725/9-X33","109"
"17-/9/228/6/2/3512X53","113"
"8/5-9/42X445/9/X4/6","141"
"X3/X4/X257/35X1/-","155"
"7/X1/8/XX613-XX55","176"
"8/71-/1/X8-9-9/8/44","131"
"2-9/X9/4/X714/X33","144"
"XX3/54419/-/8-XX73","155"
"4/1/X515/X33-2X8/4","131"
"-06352-12/X6/X325/4","111"
"X24XX-512XX3/-/-","128"
"X21X619-8/1/538/62","107"
"445/XXX5/8-XXXX","209"
"XXX8-1/X9-9-3/8/-","169"
"X2-716/XX4/251825","121"
"5-X8-X8/61416/6/72","121"
"XXX7/9-5/X32X7/5","180"
"5/X-/546253X2/X27","148"
"X63X6/-25/316/XX26","137"
"X5/X632/7/6/722/11","140"
"61X8/-38-132/-/XX18","122"
"4/X-/2/1/-/9/1/XX37","166"
"-72/XX2/4/5/61413/X","146"
"617/2/XXX5/-1X6/7","162"
"XXX63X9/9-366-X9-","166"
"X8/2/6/7--/X1/3/X15","161"
"1/511/7-X3/X-/2/X16","154"
"9/723/4/8/9-X9-X-1","126"
"81X9/6/5-X459-33X9-","127"
"3/2/81X7/X24XX52","150"
"X4/7/2/X4/172/X6/3","161"
"7122237/81XX7-7/-/2","117"
"XXX1/XX3/7-3/4/8","190"
"54X6/XX3/71812/3/-","149"
"112/33-59-9-7/6/7162","93"
"2-62X6-XXXXX9/-","181"
"3/X179/XX-2277-5/7","133"
"142/9/1572415/X-/9/5","129"
"X9-4/7/8/427/X5/X64","163"
"4-81-/3/6/X5-4/2662","110"
"XX4316416/5/525/X82","137"
"X7/9/X9-1/621/4/X91","165"
"XX1/-/72X422-X-8","127"
"4/X-/5--3X9-431/35","119"
"6/24X3/4/5/8/-/427/7","132"
"8/X8-3-X6/X725/X2-","149"
"8/-64/719/8/-372549-","99"
"1-XX1/XXXXXX51","223"
"629/352/23XX1/42X42","123"
"9-X7/6/X4/72X26X9-","156"
"4/XX8-26XX71XX42","175"
"X72X2/711/-85/X8/3","144"
"XXX9-6151XXX61","180"
"4-XX6/4/8/2-7/X9-","144"
"XX6/5/X17X245115","141"
"9/9-X8/X14X8-6/XX","154"
"XX427-419/639/6-71","113"
"XXXX4/3/X5/9/-7","193"
"XX3/-/X4/7263-79/7","152"
"9/-/7/415/X3/X-/33","145"
"7/-32/53X-0XX2711","98"
"3/134/5/9-11X314-XX","102"
"8/X27X52X1/X3/X43","169"
"X4/7/3/6317XX8-34","144"
"7/X81X624/X3/5-8-","142"
"2/7/-4X7/815/1725-/9","123"
"6/XX13X1-1/518/X82","132"
"XX314/1/3/3-8/54X64","125"
"9/2/6-XX727/X53X13","149"
"9/513/2/9/-/-2-/6/7/4","121"
"-061XXX-69/1/81X8-","135"
"XXX711/6/-3XX6/3","171"
"8/9-X24X2-X44-/XX","130"
"72X8/-/X1/9/-48/3/-","135"
"4/2/X22231736XX18","121"
"X-45/-642X1-XX6/6","114"
"1/5-5/8/3/-02/3/-2X9-","105"
"8/7/X-/8/5/X2271X4-","150"
"3/71X21XX531/3-9/6","124"
"539-71X8-1/9-X1/26","119"
"2/X9/X-3X6/XXX73","193"
"XX62XXX1/814/-2","162"
"XXX7145X261/8-3/1","155"
"XX-/XX7/81X8153","170"
"X2/81XX6133XX63","157"
"X8-5/316/XX3/6/X63","161"
"9/8-X-/9/71X9-X4-","136"
"4/4/-/X-/X4/X175/4","164"
"25X-/X617/7/6/538/7","144"
"452/3/4/-4XX369/X52","138"
"XX7/4/429/15XX9/3","160"
"-/7-4/1/X154/-0XX17","126"
"XX7-7/1/X9--88162","135"
"11X6/7/-0X-145431/6","93"
"7/6/X51X412531-/12","103"
"9-X5/XX5/8/X117/9","165"
"X1-71813-2/X7/445-","99"
"-/223/171/1/271/3/8-","106"
"X3513X8-8-5-7/42X45","108"
"9-1643XX-/63X1/7/5","140"
"-45141X-/-/XX614/1","126"
"53-2X726/8/27XX4/6","137"
"6-631425XX3/8/8/72","132"
"3/XXX5/XXX811/9","220"
"XX7/6/X7/2/4-8/-2","145"
"XX-031-/3/4/9-X7-","113"
"XX7/51XX62XX-/7","177"
"8-X8/1/525-3/51428/1","104"
"4/8-X422/1/6--96/X91","130"
"2/7/43XX7--97/7/44","137"
"71X8-1/X3/X-/4/XX","168"
"815/X7/3/61X4/711/8","148"
"X5/7/1/XX8/3/X24","171"
"6/X4/2/XX2/1/818/5","167"
"X8/XX62X-/-/X42","164"
"XX53332/XX2-357/8","139"
"42-32/453-45816/XXX","123"
"4/X81X25XXX8/43","171"
"X8-12X4/25X7161X-7","118"
"X152/5/1/2/53XX3/1","137"
"9-6-1/X-/3/-/-7X1/6","131"
"6/7/3/7/44-781X7/-1","116"
"X4-3/348-X9/4/XX3-","136"
"8126X1/4-X9-72156/5","113"
"4/9-X8-XX7/XX9/-","180"
"419/X41-/6/9/X5/9-","148"
"X6/5/X2533X2/32XX","143"
"165126112/453/511/X9-","106"
"9-7-7/XXX-/X226/1","155"
"44-8X366/726/XX7/3","150"
"XX3/4/8/X6/X9-X91","183"
"-1XXX5/1/XX-/5/1","173"
"186-53819/6/-/18XX15","115"
"544/9-4/X368-4/XX34","153"
"5/2/6/637/2/6/6/9-9-","134"
"X18-/8/XXX-/X52","180"
"X548-8/3/XX4/X5/2","165"
"XXX9-X4/52XX8/3","190"
"-51/44XXXX722/72","168"
"X71X5/X6/X549-X61","160"
"X-42/5/5-63362/2/9/8","120"
"52X547/81-/2426XXX","138"
"XXXX727/16-/8/5-","171"
"-97/X-3X7/XX15-8","136"
"2/X9/61528/4152X-3","112"
"7-9/XX7/-3X611/X81","150"
"9-6/8/X22XX8/9-X34","158"
"1/XXXXX6/X8/X72","235"
"X223/12X9-9/9-2-62","98"
"14514322X2-X542/5/6","95"
"XX62-39/X8/X334/6","153"
"XX9/4/XX31X2/X42","180"
"X72X52X415/63X35","123"
"5/XX41449-X9/7/XX","158"
"XX6/1-X9/42X5/X54","157"
"6/451/X9-542/X814-","132"
"X413-6215X25-/5/X73","116"
"-/9-2/35X9/XX9/72","164"
"8/X3/2-144/6/162/X8-","131"
"8-X7/1/9/457-35X63","124"
"7/XX8-X-/-7X6/-2","143"
"7136X61XXXXXXX","211"
"12-37/9-8-X9-1/5/X16","122"
"8/5/5/-4537/4/454-X31","107"
"26X5/2/-2146/X814/3","118"
"8/X2/4361X6-7/338/2","121"
"X5/X2781X814424XX","139"
"42813/4/-/6261XXX28","142"
"XXX638-3116X6/6/6","155"
"X3/2/X8/XXX81X4-","192"
"3/2/7/72-/X4/2/3344","134"
"X5341X5/X9-8/5/8/3","145"
"635/X8/423/3/-/6/81","135"
"52X27XX-324514/1/6","110"
"52XX44XX3/6/X5/7","173"
"7/X9-XX9/7-XX9/X","190"
"13X2/6/32524/9/1/14","111"
"6/4/7/9--1548-6/9/-/8","124"
"X159/26XX5/XX7/8","172"
"8/X9-X3635X2/45X6-","143"
"X9-5-X1/X9/XXX41","182"
"6/X6/X9-8/8/XX63","180"
"728/XX9/XX1/45X63","181"
"276/X17712372X8-X37","123"
"-/5/11X8/9-8-X436-","114"
"6/5/-/1/6/X9/9-7/16","138"
"53XXX5/XXX815/1","200"
"5/6-9/8-61227/8/-8X8-","113"
"9-8-3-XX11X5/X4/5","130"
"X9/5/81X13X6/7-X6-","140"
"2/X81XX-/8/24611/3","144"
"3/XX1/31271/8-18X31","136"
"X-844-/X2/369/5-X81","135"
"131/23X4/15XX33X-2","115"
"XX6/-19/5371X-1-6","106"
"XX71X819/43348/6-","131"
"XX63X3/8/2/223/X64","160"
"XXX227/X6/729-42","151"
"XX3327-/5/7/44X54","136"
"XXXXX7/-6XX7/2","212"
"X5-4153XXXX5/X14","173"
"X9-XXX339-2/8-62","146"
"X4/XXX3/X7-6-X61","180"
"X6/5/2/316/14X1/8-","126"
"X7/XX4/8-XXXX3-","206"
"X71XX3-349/9/8/9-","137"
"X9/32619-XXXX9/9","182"
"-/X518/XXX7-3/X-5","178"
"X3435-28/425/119-X81","95"
"X8/547-X9-9-31XX3-","128"
"175417XX5/7-615/1/3","125"
"XX7/6-X3-9-XX72","149"
"259/-/X4/4/621/XX-2","147"
"8/35814/63X4/4/61X18","131"
"9-X4/2/7/1/X9/9/15","145"
"7--8XXXX7-X5/5/1","172"
"721/248/XX1/X9-X82","156"
"XXX-/X178/1-2/42","148"
"XX2/X-/-8449/X6/1","159"
"9/X-08/X4/5-X3/X7-","147"
"X131652X2/XX2/X41","149"
"XX9/XX35X7-X1/7","179"
"8/6/X3/X7/25XXX18","185"
"1/5/3--/815/6318X8/X","132"
"-/8-XXXX4/9/539-","181"
"4/3/2/234-X9-2/63X72","118"
"X5314219/X6/2/6-X-X","128"
"31X188-XX728/726/9","140"
"27218/X5/4/X5/X23","146"
"X81459/539-X1/8/XX","147"
"3111-/X544-X225/72","102"
"XXX-8-49-X-4-/71","132"
"XX4/8-X7/15618/61","137"
"43X8-XXX5344X-0","132"
"621/8/1314X51X3/XX","128"
"9-5-2/6--/9-9-4/X6/9","132"
"X1-61XXX81X9/X6-","161"
"628/XX2/X1/8-9/31","153"
"X2/1-X9-51X159/X-1","119"
"4/3/72X5/X5-XX9-","156"
"9-3/8/3/X7/5/1-X9/8","145"
"2/3/X8/26X9-4/XX5-","161"
"54X1/XX-/53-/X6/3","165"
"212/2/6/8-X4/81X52","128"
"4/2/8/514/X112/XX72","151"
"X6-XX-67-4/2/-37-","103"
"26XX-/7/527-X44X53","138"
"X3-54519/X3/7-XX53","138"
"13449/235/-/-/-9X9-","96"
"X-57/3/3/529-534/41","104"
"X3/XX2-X-/9/5/X7-","167"
"6/535/416/X4/2-5171","110"
"X131/X24-8X615/81","119"
"X3/9-2-X5/8/71X9/8","151"
"1/XX5/X9/X25X-/6","185"
"2/X-/14X-/8132-25/4","124"
"X1/4/2/2/4/1/4/715/4","136"
"167/42X1/6/8-X9/81","136"
"XX2/225/5444X448-","124"
"32X8/189/346-XX1/7","129"
"X8/-/X9-5/36-/11X22","127"
"X-8X71X-/27-8XX46","145"
"5/X7-X8/4/414-8-X16","126"
"61-/XX8/176-X9-XX","148"
"X9-X1/X3/8/X3-2/2","154"
"7/26XX249-35313-63","97"
"534/XX2/51X9/XX9-","179"
"XXX422/6-XXX81","184"
"814/53-89/9/5-XX-/5","134"
"9/3/4/X-6XX8/165-","140"
"5/4-X52-4-/3/X9/3/1","123"
"X7-XX158131XXX37","153"
"X258/9-X3/8/2/X52","146"
"X329-21133/X4/X61","120"
"45X7/X8/819/5/8-63","146"
"X1/X6-43X3/2/32X5-","134"
"4/4/-8X7-45X6/619-","117"
"8/5/8-363/9-3/9-4/X7-","143"
"9/X8-3/81211/XX71","149"
"7/8/X524/X8/5/9-X46","165"
"X9-9/7/9-9/X355/8/4","151"
"X1/415/7-6/4/-31/8/X","128"
"2345-6X71129/3-8-2/7","90"
"-/X-02/X2/2/X9/81","149"
"X639/X5/819/8/X7/5","168"
"13X6/5/432/X1772X91","135"
"3-8-11-06/1-6/311124","50"
"42-/-/63456/6-5/8/-/4","114"
"4-54349-6/XX526/X9-","137"
"X2/45-7X2/X33-6X-7","135"
"X25-48/XX5/X237/2","145"
"X234/X9-111/XX12","127"
"3/X42X1/X16XX6/8","170"
"1/-91/X2/72X8-5/4/1","136"
"-26/6/5/1/257-X44X73","116"
"729/X4/X539/7/729/3","151"
"325/4/X-89-21X358-","111"
"3/4/6/XX9-X5/549-","160"
"8/17X7/439-X4/XX24","147"
"9/9/6/1353538--934-/-","100"
"9/535-5/-/312545-/X23","106"
"629-623/XX726/621/5","139"
"X9/33X1/52X638/X-6","145"
"213/7/XX227-X9-X45","134"
"63X26X2/-/4/-86-16","110"
"1-X-9XX62X8-9-9/X","136"
"X27357-6/X-/6/72X37","145"
"XX51X31XX3-7/-3","117"
"2/XX5-5/9/-9X3-7-","126"
"12XXX-3X9-3/8/X8-","153"
"X7/X43XXX23X43","160"
"1/43X6--8534163XX64","119"
"X1-X1/8-X9--651X91","118"
"X81252/-363XX5-X44","120"
"X8/3/XX-016XX1/3","144"
"32XX4/XXX4224X61","168"
"263-2-X4/9-8/2/XXX","143"
"XX7/8/-/311/X1241","133"
"226/X9-X24X186/-3","115"
"X52X7272X7/9/XX37","163"
"XX9-X5/XX1/XX2-","192"
"1-XX-/8/2/61257/X5-","136"
"X8-X6/X712143-4X52","123"
"7/X12XX5/1/31X8/8","147"
